H02J 7/34 (20130101); H02M 1/34 (20130101); H02M 3/155 (20130101); H02M 3/158 (20130101); H02M 2001/342 (20130101); Y02B 70/1491 (20130101)
H02J 7/35 (20130101); Y02E 10/58 (20130101)
H01L 31/0428 (20130101); H01L 31/0483 (20130101); H01L 31/0586 (20130101); E04D 2001/308 (20130101); E04F 2290/026 (20130101); Y02B 10/12 (20130101); Y02B 10/14 (20130101); Y02B 10/20 (20130101); Y02B 10/70 (20130101); Y02E 10/50 (20130101)
F24J 2/5237 (20130101); H01L 31/0422 (20130101); F24J 2002/4687 (20130101); F24J 2002/5292 (20130101); Y02E 10/47 (20130101); Y02E 10/50 (20130101)
H02J 3/382 (20130101); H02M 5/4585 (20130101); H02M 7/797 (20130101); Y02B 10/14 (20130101); Y02E 10/563 (20130101)
H02J 3/382 (20130101); H02J 9/062 (20130101); H02J 7/35 (20130101); Y02B 10/14 (20130101); Y02B 10/72 (20130101)
G01D 4/008 (20130101); G06Q 50/06 (20130101); Y02B 90/247 (20130101); Y04S 20/46 (20130101); Y04S 20/50 (20130101)
E06B 1/6015 (20130101); E06B 3/5842 (20130101); F24J 2/464 (20130101); F24J 2/465 (20130101); F24J 2/5211 (20130101); F24J 2/5243 (20130101); F24J 2/5254 (20130101); H01L 31/0422 (20130101); H01L 31/0482 (20130101); F24J 2002/4676 (20130101); Y02B 10/12 (20130101); Y02B 10/20 (20130101); Y02E 10/47 (20130101); Y02E 10/50 (20130101)
H01L 27/142 (20130101); H01L 31/042 (20130101); Y02E 10/46 (20130101); Y02E 10/50 (20130101)
F01K 13/00 (20130101); F01K 13/02 (20130101)
G05F 1/67 (20130101); H02J 7/35 (20130101); H02M 7/53875 (20130101); H02P 27/06 (20130101); H02M 2001/0022 (20130101); Y02E 10/566 (20130101); Y02E 10/58 (20130101)
E04D 1/34 (20130101); F24J 2/52 (20130101); H01L 31/0482 (20130101); E04D 2001/3414 (20130101); E04D 2001/3447 (20130101); E04D 2001/3458 (20130101); E04D 2001/3473 (20130101); E04D 2001/3494 (20130101); F24J 2/045 (20130101); F24J 2002/0061 (20130101); Y02B 10/12 (20130101); Y02B 10/20 (20130101); Y02E 10/47 (20130101); Y02E 10/50 (20130101)
F24J 2/16 (20130101); F24J 2/5203 (20130101); F24J 2/5228 (20130101); F24J 2/525 (20130101); F24J 2/5256 (20130101); F24J 2/526 (20130101); F24J 2/5406 (20130101); F24J 2/542 (20130101); F24J 2/5431 (20130101); H01L 31/0522 (20130101); F24J 2/4638 (20130101); F24J 2/523 (20130101); F24J 2/5233 (20130101); F24J 2002/467 (20130101); F24J 2002/5292 (20130101); F24J 2002/5441 (20130101); F24J 2002/5451 (20130101); F24J 2002/5458 (20130101); F24J 2002/5465 (20130101); F24J 2002/5468 (20130101); Y02B 10/20 (20130101); Y02E 10/47 (20130101); Y02E 10/52 (20130101)
G05F 1/67 (20130101); Y02E 10/58 (20130101)
G08B 13/128 (20130101); H01L 31/02021 (20130101); H01L 31/048 (20130101); Y02E 10/50 (20130101)
G08B 13/00 (20130101); G08B 15/004 (20130101); G08B 17/00 (20130101); G08B 21/00 (20130101); G08B 23/00 (20130101); G08B 25/007 (20130101); G08B 25/10 (20130101); G08B 29/12 (20130101)
H02J 1/10 (20130101); H02J 9/06 (20130101)
G01D 21/00 (20130101); G08C 17/02 (20130101); H05B 39/042 (20130101); Y02B 20/14 (20130101)
G05F 1/67 (20130101); Y02E 10/58 (20130101)

G06Q 50/06 (20130101); H02J 3/14 (20130101); H02J 3/32 (20130101); H02J 7/34 (20130101); Y02B 70/3225 (20130101); Y02E 10/566 (20130101); Y02E 70/30 (20130101); Y04S 20/222 (20130101)
F24J 2/5211 (20130101); F24J 2/5245 (20130101); F24J 2/5262 (20130101); H01L 31/0482 (20130101); H01L 31/052 (20130101); F24J 2002/4665 (20130101); Y02B 10/12 (20130101); Y02B 10/20 (20130101); Y02E 10/47 (20130101); Y02E 10/50 (20130101)
G01W 1/12 (20130101); Y02B 10/20 (20130101)
F24J 2/5207 (20130101); F24J 2/5209 (20130101); F24J 2/5241 (20130101); F24J 2/5258 (20130101); H01L 31/042 (20130101); H01L 31/0422 (20130101); H01L 31/0482 (20130101); H01L 31/05 (20130101); Y02E 10/47 (20130101); Y02E 10/50 (20130101); F24J 2002/0046 (20130101); F24J 2002/4665 (20130101); F24J 2002/5218 (20130101); Y02B 10/12 (20130101); Y02B 10/20 (20130101)
G01D 4/004 (20130101); H04Q 9/00 (20130101); Y02B 90/242 (20130101); Y04S 20/322 (20130101); Y04S 20/46 (20130101)
H02M 3/33592 (20130101); H02M 7/53803 (20130101); H02M 2001/0012 (20130101); H02M 2001/007 (20130101); Y02B 70/1475 (20130101); Y02E 10/56 (20130101)
G01R 31/405 (20130101)
G01D 4/004 (20130101); H04Q 9/00 (20130101); Y02B 90/242 (20130101); Y04S 20/322 (20130101)
H01R 13/701 (20130101); H01R 13/7038 (20130101)
H02J 3/382 (20130101)
H01L 31/048 (20130101); H01L 31/0483 (20130101); Y02B 10/12 (20130101); Y02E 10/50 (20130101)
H02J 3/387 (20130101); H02M 7/4807 (20130101); H02M 7/53875 (20130101); H02M 7/5395 (20130101); H02J 2001/004 (20130101)
G05F 1/67 (20130101); H02M 1/42 (20130101); H02M 3/157 (20130101); Y02B 70/12 (20130101)
H05K 5/0204 (20130101); H05K 7/209 (20130101)
F24J 2/5211 (20130101); F24J 2/5262 (20130101); H01L 31/0422 (20130101); H01L 31/0482 (20130101); F24J 2/4638 (20130101); F24J 2002/5279 (20130101); Y02B 10/12 (20130101); Y02B 10/20 (20130101); Y02E 10/47 (20130101); Y02E 10/50 (20130101)
H02J 7/35 (20130101); H02M 7/48 (20130101); Y02E 10/566 (20130101)
H02M 1/10 (20130101); H02M 7/42 (20130101)
H02J 3/38 (20130101); H02J 2003/388 (20130101)
H02J 3/382 (20130101); H02J 7/35 (20130101); H02M 1/36 (20130101); H02M 7/48 (20130101)
F24J 2/5205 (20130101); F24J 2/5247 (20130101); F24J 2/5258 (20130101); F24J 2/526 (20130101); H01L 31/0422 (20130101); H01L 31/0482 (20130101); Y02B 10/12 (20130101); Y02B 10/20 (20130101); Y02E 10/47 (20130101); Y02E 10/50 (20130101)
F24J 2/5245 (20130101); F24J 2/5258 (20130101); H01L 31/0422 (20130101); H01R 4/64 (20130101); F24J 2002/5294 (20130101); Y02B 10/12 (20130101); Y02E 10/47 (20130101); Y02E 10/50 (20130101)
E04D 3/3608 (20130101); F24J 2/5211 (20130101); F24J 2/5239 (20130101); F24J 2/525 (20130101); F24J 2/5254 (20130101); F24J 2/5264 (20130101); H01L 31/0422 (20130101); H01L 31/0482 (20130101); F24J 2/4638 (20130101); F24J 2002/4669 (20130101); F24J 2002/5292 (20130101); Y02B 10/12 (20130101); Y02B 10/20 (20130101); Y02E 10/47 (20130101); Y02E 10/50 (20130101)
H02J 3/01 (20130101); H02J 3/382 (20130101); Y02B 10/14 (20130101); Y02E 10/563 (20130101); Y02E 40/40 (20130101)
G05F 1/67 (20130101); Y02E 10/58 (20130101)
F24J 2/405 (20130101); F24J 2/542 (20130101); H01L 31/0422 (20130101); F24J 2002/5451 (20130101); F24J 2002/5462 (20130101); F24J 2002/5475 (20130101); F24J 2002/5482 (20130101); Y02E 10/47 (20130101); Y02E 10/50 (20130101)
H02J 3/382 (20130101); H02M 3/155 (20130101); H02M 2001/007 (20130101); H02M 2001/346 (20130101); Y02B 70/1491 (20130101); Y02E 10/563 (20130101); Y02E 10/58 (20130101)
F24J 2/5232 (20130101); F24J 2/5237 (20130101); F24J 2/525 (20130101); Y02B 10/20 (20130101); Y02E 10/47 (20130101)
F24J 2/464 (20130101); F24J 2/5211 (20130101); F24J 2/5262 (20130101); H01L 31/0422 (20130101); H01L 31/058 (20130101); F24J 2002/0053 (20130101); F24J 2002/4685 (20130101); Y02B 10/10 (20130101); Y02B 10/20 (20130101); Y02B 10/70 (20130101); Y02E 10/47 (20130101); Y02E 10/50 (20130101); Y02E 10/60 (20130101)
H04Q 9/00 (20130101)
F24J 2/40 (20130101); F24J 2/4607 (20130101); G01W 1/12 (20130101); G06F 17/5004 (20130101); G06F 17/5009 (20130101); F24J 2200/04 (20130101); Y02B 10/20 (20130101); Y02E 10/40 (20130101)
H02J 3/382 (20130101); H02J 7/35 (20130101); H02M 1/36 (20130101); H02M 7/48 (20130101)
G01W 1/12 (20130101)
G06Q 10/06 (20130101); Y04S 10/60 (20130101)
F24J 2/045 (20130101); F24J 2/541 (20130101); H01L 31/0422 (20130101); F24J 2/523 (20130101); F24J 2002/5482 (20130101); Y02B 10/20 (20130101); Y02E 10/44 (20130101); Y02E 10/47 (20130101); Y02E 10/50 (20130101)
F24J 2/04 (20130101); F24J 2/045 (20130101); F24J 2/541 (20130101); F24J 2/523 (20130101); F24J 2002/5468 (20130101); Y02B 10/12 (20130101); Y02B 10/14 (20130101); Y02B 10/20 (20130101); Y02E 10/44 (20130101); Y02E 10/47 (20130101)
G05F 1/67 (20130101); Y02E 10/58 (20130101)
F24J 2/5211 (20130101); F24J 2/5239 (20130101); F24J 2/525 (20130101); H01L 31/0482 (20130101); F24J 2002/4669 (20130101); F24J 2002/5292 (20130101); H01L 31/0422 (20130101); Y02B 10/12 (20130101); Y02B 10/20 (20130101); Y02E 10/47 (20130101); Y02E 10/50 (20130101)
E04F 10/06 (20130101); E04F 10/0662 (20130101); H01L 31/042 (20130101); H01L 31/045 (20130101); E04F 10/0644 (20130101); Y02E 10/50 (20130101)
F24J 2/5211 (20130101); F24J 2/5245 (20130101); F24J 2/5254 (20130101); F24J 2/526 (20130101); F24J 2/5262 (20130101); H01L 31/0422 (20130101); H01L 31/0482 (20130101); F24J 2002/4669 (20130101); Y02B 10/12 (20130101); Y02B 10/20 (20130101); Y02E 10/47 (20130101); Y02E 10/50 (20130101)
F24J 2/5207 (20130101); F24J 2/5211 (20130101); F24J 2/5245 (20130101); F24J 2/5258 (20130101); F24J 2/526 (20130101); F24J 2/5264 (20130101); H01L 31/0422 (20130101); H01L 31/0482 (20130101); F24J 2002/5226 (20130101); Y02B 10/12 (20130101); Y02B 10/20 (20130101); Y02E 10/47 (20130101); Y02E 10/50 (20130101)
H02J 3/382 (20130101); H02M 2001/0077 (20130101); Y02B 10/14 (20130101); Y02E 10/563 (20130101); Y02E 10/58 (20130101)
G01R 31/42 (20130101)
G05F 5/00 (20130101)
F24J 2/10 (20130101); F24J 2/5424 (20130101); H01L 31/052 (20130101); H01L 31/0522 (20130101); F24J 2002/0084 (20130101); F24J 2002/108 (20130101); F24J 2002/5451 (20130101); F24J 2002/5468 (20130101); Y02B 10/12 (20130101); Y02E 10/47 (20130101); Y02E 10/52 (20130101)
G01R 21/133 (20130101); G01R 21/06 (20130101)
H01L 31/02013 (20130101); H01L 31/0485 (20130101); H01R 9/22 (20130101); H01R 4/4809 (20130101)
H01L 31/02013 (20130101); H01L 31/0485 (20130101); H01R 13/04 (20130101); H01R 13/114 (20130101); Y02B 10/14 (20130101)
H02M 7/003 (20130101); H05K 7/1432 (20130101); Y02E 10/56 (20130101)
H02J 3/382 (20130101); H02J 3/387 (20130101); H02M 3/337 (20130101); H02M 3/3372 (20130101); H02J 2001/004 (20130101); H02M 2001/007 (20130101); H02M 2007/4815 (20130101); Y02B 70/1433 (20130101); Y02B 70/1441 (20130101)
E04D 1/26 (20130101); H01L 31/048 (20130101); H01L 31/0482 (20130101); H01L 31/05 (20130101); E04D 2001/308 (20130101); Y02B 10/12 (20130101); Y02E 10/50 (20130101)
G01B 21/22 (20130101); G01C 15/10 (20130101); G01C 17/28 (20130101); G01J 1/02 (20130101); G01J 1/0266 (20130101); G01J 5/22 (20130101); G01W 1/12 (20130101); G01J 2001/4266 (20130101)
F24J 2/38 (20130101); F24J 2/5264 (20130101); F24J 2/5424 (20130101); G01S 3/7861 (20130101); H01L 31/0422 (20130101); F24J 2002/5437 (20130101); F24J 2002/5462 (20130101); F24J 2002/5486 (20130101); Y02E 10/47 (20130101); Y02E 10/50 (20130101)
F24J 2/541 (20130101); H01L 31/0422 (20130101); F24J 2002/5462 (20130101); Y02E 10/47 (20130101); Y02E 10/50 (20130101)
G01D 4/004 (20130101); G06Q 20/102 (20130101); H04W 40/22 (20130101)
H02J 3/382 (20130101); H02M 2001/0077 (20130101); Y02B 10/14 (20130101); Y02E 10/563 (20130101); Y02E 10/58 (20130101)
C09K 11/77 (20130101); G06F 1/3203 (20130101)
H02J 7/35 (20130101); H02M 3/3376 (20130101); H02M 7/4807 (20130101); H02J 3/38 (20130101); H02M 2001/0022 (20130101)
H02H 5/042 (20130101); H02H 7/122 (20130101)
H02J 13/0062 (20130101); H02J 3/382 (20130101); Y02E 40/72 (20130101); Y04S 10/123 (20130101); Y04S 40/124 (20130101)
F24J 2/045 (20130101); F24J 2/5211 (20130101); F24J 2/5245 (20130101); F24J 2/5264 (20130101); H01L 31/0422 (20130101); H01L 31/0482 (20130101); F24J 2002/4669 (20130101); Y02B 10/12 (20130101); Y02B 10/20 (20130101); Y02E 10/44 (20130101); Y02E 10/47 (20130101); Y02E 10/50 (20130101)
F24J 2/5207 (20130101); F24J 2/5211 (20130101); F24J 2/5245 (20130101); F24J 2/5258 (20130101); F24J 2/526 (20130101); F24J 2/5264 (20130101); H01L 31/0422 (20130101); H01L 31/0482 (20130101); F24J 2002/5226 (20130101); Y02B 10/12 (20130101); Y02B 10/20 (20130101); Y02E 10/47 (20130101); Y02E 10/50 (20130101)
G01D 11/24 (20130101); H02J 1/00 (20130101); H02J 7/355 (20130101); H02J 9/061 (20130101); Y02B 10/72 (20130101)
H02J 3/1835 (20130101); H02J 3/1842 (20130101); H02J 3/382 (20130101); H02J 3/387 (20130101); H02J 2001/004 (20130101); Y02E 40/22 (20130101); Y02E 40/30 (20130101)
F24J 2/5205 (20130101); F24J 2/5247 (20130101); F24J 2/5258 (20130101); F24J 2/526 (20130101); H01L 31/0422 (20130101); H01L 31/0482 (20130101); Y02B 10/12 (20130101); Y02B 10/20 (20130101); Y02E 10/47 (20130101); Y02E 10/50 (20130101)
H02M 7/003 (20130101)
G05F 1/67 (20130101); H02J 3/382 (20130101); H02J 3/385 (20130101)
H02H 3/16 (20130101); H02H 7/1222 (20130101); H02H 7/20 (20130101)
H01L 31/042 (20130101); Y02E 10/50 (20130101)
F24J 2/5211 (20130101); F24J 2/5245 (20130101); F24J 2/5262 (20130101); H01L 31/0482 (20130101); H01L 31/052 (20130101); F24J 2002/4665 (20130101); Y02B 10/12 (20130101); Y02B 10/20 (20130101); Y02E 10/47 (20130101); Y02E 10/50 (20130101)
G06Q 10/0637 (20130101); G06Q 10/06393 (20130101); G06Q 10/10 (20130101); G06Q 10/20 (20130101); G06Q 50/06 (20130101); Y02E 40/76 (20130101); Y04S 10/54 (20130101); Y04S 10/545 (20130101); Y04S 10/56 (20130101); Y04S 10/58 (20130101)
B64G 1/428 (20130101); B64G 1/443 (20130101); H02J 4/00 (20130101); H02J 7/35 (20130101)
H01L 31/042 (20130101); H01M 10/441 (20130101); H01M 10/465 (20130101); H01M 14/005 (20130101); Y02E 10/50 (20130101); Y02E 60/12 (20130101)
F24J 2/5205 (20130101); F24J 2/5245 (20130101); F24J 2/5249 (20130101); F24J 2/526 (20130101); H01Q 1/1207 (20130101); H01Q 1/1242 (20130101); Y02B 10/20 (20130101); Y02E 10/47 (20130101)
F24J 2/0472 (20130101); F24J 2/38 (20130101); H01L 31/0422 (20130101); H01L 31/0524 (20130101); F24J 2002/075 (20130101); F24J 2002/5458 (20130101); Y02E 10/44 (20130101); Y02E 10/47 (20130101)
F24J 2/5233 (20130101); F24J 2/5239 (20130101); H01L 31/0422 (20130101); F24J 2/4636 (20130101); Y02E 10/47 (20130101); Y02E 10/50 (20130101)
F24J 2/04 (20130101); F24J 2/045 (20130101); F24J 2/541 (20130101); F24J 2/523 (20130101); F24J 2002/5468 (20130101); Y02B 10/12 (20130101); Y02B 10/14 (20130101); Y02B 10/20 (20130101); Y02E 10/44 (20130101); Y02E 10/47 (20130101)
H01L 31/0485 (20130101); Y02E 10/50 (20130101)
H02J 7/0055 (20130101)
H01L 31/02008 (20130101); H01L 31/048 (20130101); Y02E 10/50 (20130101)
G01R 31/405 (20130101); G01R 31/02 (20130101); H01L 31/042 (20130101)
H02M 3/158 (20130101); H02M 7/5387 (20130101)
H02J 7/35 (20130101)
H01L 31/02008 (20130101); H01L 31/0422 (20130101); H01L 31/0428 (20130101); H01L 31/0482 (20130101); Y02B 10/12 (20130101); Y02B 10/20 (20130101); Y02E 10/52 (20130101)
H02J 7/35 (20130101); H02J 9/062 (20130101); Y02B 10/72 (20130101)
F24J 2/16 (20130101); F24J 2/5203 (20130101); F24J 2/5228 (20130101); F24J 2/525 (20130101); F24J 2/5256 (20130101); F24J 2/526 (20130101); F24J 2/5406 (20130101); F24J 2/542 (20130101); F24J 2/5431 (20130101); H01L 31/0522 (20130101); F24J 2/4638 (20130101); F24J 2/523 (20130101); F24J 2/5233 (20130101); F24J 2002/467 (20130101); F24J 2002/5292 (20130101); F24J 2002/5441 (20130101); F24J 2002/5451 (20130101); F24J 2002/5458 (20130101); F24J 2002/5465 (20130101); F24J 2002/5468 (20130101); Y02B 10/20 (20130101); Y02E 10/47 (20130101); Y02E 10/52 (20130101)
H01L 31/0485 (20130101); Y02E 10/50 (20130101)
H01L 31/02021 (20130101); H01R 4/2404 (20130101); Y02E 10/50 (20130101)
F24J 2/5211 (20130101); F24J 2/5262 (20130101); H01L 31/0422 (20130101); H01L 31/0482 (20130101); F24J 2/4638 (20130101); F24J 2002/5279 (20130101); Y02B 10/12 (20130101); Y02B 10/20 (20130101); Y02E 10/47 (20130101); Y02E 10/50 (20130101)
G06F 17/5004 (20130101); G06F 17/5009 (20130101); F24J 2/461 (20130101); F24J 2200/04 (20130101); G06F 2217/78 (20130101); Y02B 10/20 (20130101)
F03G 1/02 (20130101); F03G 6/001 (20130101); H02P 9/04 (20130101); Y02B 10/20 (20130101); Y02B 10/30 (20130101); Y02B 10/70 (20130101); Y02E 10/38 (20130101); Y02E 10/46 (20130101); Y02E 10/725 (20130101)

H02J 3/382 (20130101); H02M 2001/0077 (20130101); Y02B 10/14 (20130101); Y02E 10/563 (20130101); Y02E 10/58 (20130101)
H02M 1/15 (20130101); H02M 1/44 (20130101); H02M 7/5387 (20130101); Y02E 10/56 (20130101)
G01R 21/01 (20130101); G01R 21/133 (20130101); G01R 21/1338 (20130101)
E04B 2/88 (20130101); H01L 31/02021 (20130101); H01L 31/0422 (20130101); H01L 31/0428 (20130101); Y02B 10/12 (20130101); Y02B 10/14 (20130101); Y02E 10/52 (20130101)
E04B 2/88 (20130101); H01L 31/02021 (20130101); H01L 31/0422 (20130101); H01L 31/0428 (20130101); Y02B 10/12 (20130101); Y02B 10/14 (20130101); Y02E 10/52 (20130101)
H02M 7/49 (20130101)
F24J 2/045 (20130101); F24J 2/5233 (20130101); F24J 2/526 (20130101); F24J 2/5264 (20130101); H01L 31/0422 (20130101); F24J 2002/5486 (20130101); Y02B 10/12 (20130101); Y02B 10/20 (20130101); Y02E 10/44 (20130101); Y02E 10/47 (20130101); Y02E 10/50 (20130101)
H02J 3/26 (20130101); Y02E 40/50 (20130101)
F24J 2/5207 (20130101); F24J 2/5211 (20130101); F24J 2/5232 (20130101); F24J 2/5258 (20130101); H01L 31/0422 (20130101); H01L 31/0482 (20130101); H01L 31/058 (20130101); F24J 2002/0092 (20130101); F24J 2002/5486 (20130101); Y02B 10/10 (20130101); Y02B 10/20 (20130101); Y02B 10/70 (20130101); Y02E 10/47 (20130101); Y02E 10/50 (20130101); Y02E 10/60 (20130101)
E04D 1/26 (20130101); E04D 1/34 (20130101); H01L 31/0482 (20130101); H01L 31/0483 (20130101); H01L 31/05 (20130101); E04D 2001/3429 (20130101); H01R 4/58 (20130101); Y02B 10/12 (20130101); Y02E 10/50 (20130101)
G01B 21/22 (20130101); G01C 15/10 (20130101); G01C 17/28 (20130101); G01J 1/02 (20130101); G01J 1/0266 (20130101); G01J 5/22 (20130101); G01W 1/12 (20130101); G01J 2001/4266 (20130101)
F24J 2/5211 (20130101); F24J 2/5262 (20130101); H01L 31/0422 (20130101); H01L 31/0482 (20130101); F24J 2/4638 (20130101); F24J 2002/5279 (20130101); Y02B 10/12 (20130101); Y02B 10/20 (20130101); Y02E 10/47 (20130101); Y02E 10/50 (20130101)
F24J 2/5207 (20130101); F24J 2/5211 (20130101); F24J 2/5245 (20130101); F24J 2/5254 (20130101); F24J 2/5262 (20130101); H01L 31/0422 (20130101); F24J 2002/4661 (20130101); F24J 2002/5215 (20130101); Y02B 10/12 (20130101); Y02E 10/47 (20130101); Y02E 10/50 (20130101)
H02J 1/10 (20130101); H02J 3/28 (20130101)
G01J 1/4228 (20130101); G01S 3/7868 (20130101); G01W 1/12 (20130101); G01J 2001/4266 (20130101)
H01L 31/0485 (20130101); Y02E 10/50 (20130101)
H01L 31/02021 (20130101); H02J 3/382 (20130101); H02M 7/48 (20130101); Y02E 10/50 (20130101)
H01L 31/042 (20130101); H01L 31/0422 (20130101); H02J 7/355 (20130101); Y02E 10/50 (20130101)
F24J 2/04 (20130101); F24J 2/045 (20130101); F24J 2/541 (20130101); F24J 2/523 (20130101); F24J 2002/5468 (20130101); Y02B 10/12 (20130101); Y02B 10/14 (20130101); Y02B 10/20 (20130101); Y02E 10/44 (20130101); Y02E 10/47 (20130101)
H02J 3/383 (20130101); Y02E 10/46 (20130101)
H01L 31/042 (20130101); H02J 3/382 (20130101); Y02E 10/563 (20130101)
F24J 2/464 (20130101); F24J 2/5211 (20130101); F24J 2/5262 (20130101); H01L 31/0422 (20130101); H01L 31/058 (20130101); F24J 2002/0053 (20130101); F24J 2002/4685 (20130101); Y02B 10/10 (20130101); Y02B 10/20 (20130101); Y02B 10/70 (20130101); Y02E 10/47 (20130101); Y02E 10/50 (20130101); Y02E 10/60 (20130101)
H02J 3/42 (20130101)
H01L 31/1884 (20130101); H02J 3/382 (20130101); H02J 13/0062 (20130101); H02M 7/48 (20130101); Y02E 10/50 (20130101); Y02E 40/72 (20130101); Y04S 10/123 (20130101)
H02J 1/12 (20130101); H02J 3/382 (20130101); H02M 3/1584 (20130101); H02M 2001/007 (20130101)
F24J 2/045 (20130101); F24J 2/5205 (20130101); F24J 2/5211 (20130101); F24J 2/5262 (20130101); H01L 31/0422 (20130101); F24J 2002/0053 (20130101); F24J 2002/0092 (20130101); Y02B 10/20 (20130101); Y02E 10/44 (20130101); Y02E 10/47 (20130101); Y02E 10/50 (20130101)
H02J 3/382 (20130101); H02J 2003/388 (20130101); Y02E 10/563 (20130101)
G06F 9/4443 (20130101); G05B 2219/31342 (20130101); Y02E 10/726 (20130101)
G05B 19/0425 (20130101); H02J 13/001 (20130101); G05B 2219/24048 (20130101); H02J 3/383 (20130101); Y04S 10/40 (20130101)
G05F 5/00 (20130101)
F24J 2/5245 (20130101); H01L 31/0482 (20130101); F24J 2002/4669 (20130101); Y02B 10/12 (20130101); Y02B 10/20 (20130101); Y02E 10/47 (20130101); Y02E 10/50 (20130101)
H02H 7/1222 (20130101)
G06Q 30/04 (20130101); G06Q 40/00 (20130101); G06Q 40/10 (20130101); G06Q 50/06 (20130101)
H02J 3/382 (20130101); H02M 7/493 (20130101); H02M 2001/0064 (20130101); H02M 2003/1586 (20130101)
H02M 3/1588 (20130101); H02M 3/3374 (20130101); H02M 2001/007 (20130101); Y02B 70/1425 (20130101); Y02B 70/1433 (20130101); Y02B 70/1466 (20130101); Y02E 10/56 (20130101)
H02M 3/155 (20130101); H02M 3/158 (20130101)
H01L 31/0485 (20130101); H01R 4/4809 (20130101); H01R 12/592 (20130101)
H01L 31/0485 (20130101); H01R 23/7031 (20130101); H01R 12/57 (20130101)
G05F 1/67 (20130101); Y02B 10/14 (20130101)
H02J 3/382 (20130101); H02M 3/156 (20130101); H02M 2001/0025 (20130101)
H02M 7/003 (20130101); Y02E 10/56 (20130101)
G05F 1/67 (20130101); Y02E 10/58 (20130101)
G06Q 10/0637 (20130101); G06Q 10/06393 (20130101); G06Q 10/10 (20130101); G06Q 10/20 (20130101); G06Q 50/06 (20130101); Y02E 40/76 (20130101); Y04S 10/54 (20130101); Y04S 10/545 (20130101); Y04S 10/56 (20130101); Y04S 10/58 (20130101)
H02J 3/383 (20130101); H02M 3/1582 (20130101)
H02J 3/382 (20130101); Y02E 10/563 (20130101)
H01L 31/02021 (20130101); H01L 31/0296 (20130101); H02J 3/382 (20130101); Y02E 10/50 (20130101)
F16M 11/42 (20130101)
H02J 3/383 (20130101); Y02B 10/14 (20130101); Y02B 10/30 (20130101); Y02E 10/563 (20130101); Y02E 10/763 (20130101)
G05F 1/67 (20130101)
F24J 2/5211 (20130101); F24J 2/5262 (20130101); H01L 31/0422 (20130101); H01L 31/0482 (20130101); F24J 2/4638 (20130101); F24J 2002/5279 (20130101); Y02B 10/12 (20130101); Y02B 10/20 (20130101); Y02E 10/47 (20130101); Y02E 10/50 (20130101)
H02J 3/383 (20130101); H02J 3/50 (20130101); Y02E 10/563 (20130101)
H02J 7/35 (20130101)
H02J 3/382 (20130101); H02M 2001/0077 (20130101); Y02B 10/14 (20130101); Y02E 10/563 (20130101); Y02E 10/58 (20130101)
H02J 1/12 (20130101); H02J 3/382 (20130101); H02M 3/1584 (20130101); H02M 2001/007 (20130101)
H01M 10/465 (20130101); H02J 7/0029 (20130101); H02J 7/35 (20130101); H02J 2007/0037 (20130101); Y02E 10/58 (20130101); Y02E 60/12 (20130101)
H02J 3/382 (20130101); H02M 3/1582 (20130101); H02M 2001/007 (20130101); H02M 2001/0077 (20130101)
G05F 1/67 (20130101); H02M 3/33515 (20130101); H02M 2001/007 (20130101)
H02J 3/382 (20130101); H02M 3/156 (20130101); H02M 1/36 (20130101); H02M 2001/0022 (20130101); H02M 2001/007 (20130101); Y02B 10/14 (20130101); Y02E 10/563 (20130101)
G01W 1/12 (20130101)
H02J 7/35 (20130101)
H01L 31/0428 (20130101); Y02E 10/50 (20130101)
H02J 3/382 (20130101); H02M 3/158 (20130101); H02M 2001/007 (20130101); H02M 2001/009 (20130101); Y02B 70/1425 (20130101); Y02E 10/563 (20130101)
H02M 7/53873 (20130101); H02J 3/38 (20130101); H02M 1/44 (20130101); H02M 2001/0048 (20130101); H02M 2001/007 (20130101); Y02B 70/1491 (20130101); Y02E 10/56 (20130101)
G06Q 50/06 (20130101); H02H 7/04 (20130101); H02H 3/025 (20130101); Y02E 60/723 (20130101); Y04S 10/16 (20130101)
H01L 31/0485 (20130101); H01R 4/489 (20130101); H01R 12/592 (20130101); Y02E 10/50 (20130101)
G05F 1/67 (20130101); H02J 3/382 (20130101); H02J 3/385 (20130101)
H02J 3/38 (20130101); H02J 2003/388 (20130101)
H01H 85/0241 (20130101); H02J 3/382 (20130101); Y02E 10/563 (20130101)
H02J 7/35 (20130101)
H02J 3/382 (20130101); Y02E 10/563 (20130101)
H02J 1/102 (20130101); H02J 3/382 (20130101); H02M 3/157 (20130101); H02M 3/33515 (20130101); H02M 2001/0064 (20130101); H02M 2001/007 (20130101); H02M 2001/0077 (20130101)
G05F 1/67 (20130101); H02M 3/1582 (20130101); H02M 7/003 (20130101); Y02E 10/58 (20130101)
F24J 2/5211 (20130101); F24J 2/5239 (20130101); F24J 2/5252 (20130101); F24J 2/526 (20130101); F24J 2/5262 (20130101); H01L 31/0482 (20130101); Y02B 10/12 (20130101); Y02B 10/20 (20130101); Y02E 10/47 (20130101); Y02E 10/50 (20130101); F16B 33/006 (20130101); F16B 35/06 (20130101); F16B 37/00 (20130101); F24J 2002/467 (20130101); F24J 2002/5292 (20130101)
F24J 2/5211 (20130101); F24J 2/5239 (20130101); F24J 2/5254 (20130101); H01L 31/0482 (20130101); F24J 2/4638 (20130101); F24J 2002/5292 (20130101); Y02B 10/12 (20130101); Y02B 10/20 (20130101); Y02E 10/47 (20130101); Y02E 10/50 (20130101)
H02J 3/382 (20130101); H02M 7/4807 (20130101); H01L 27/1203 (20130101); H03K 17/6871 (20130101); Y02B 10/14 (20130101); Y02E 10/563 (20130101)
H02J 3/38 (20130101); H02J 2003/388 (20130101)
B60L 11/1851 (20130101); H01M 10/441 (20130101); H01M 10/46 (20130101); H02J 7/0013 (20130101); H01M 10/052 (20130101); Y02E 60/12 (20130101); Y02T 10/7005 (20130101); Y02T 10/7011 (20130101); Y02T 10/705 (20130101)
H02J 3/382 (20130101); H02M 7/48 (20130101); Y02E 10/563 (20130101)
H01L 31/0485 (20130101); H01R 13/5808 (20130101)
H02M 7/48 (20130101); H02J 3/383 (20130101); H02M 2001/007 (20130101); Y02E 10/56 (20130101)
H02J 3/382 (20130101); H02M 2001/0077 (20130101); Y02B 10/14 (20130101); Y02E 10/563 (20130101); Y02E 10/58 (20130101)
G05F 1/67 (20130101); H02J 7/35 (20130101); H02M 3/158 (20130101); Y02E 10/58 (20130101)
H02J 3/38 (20130101); H02M 1/44 (20130101); H02M 7/539 (20130101); Y02B 70/1483 (20130101); Y02E 10/563 (20130101)
H01L 31/0485 (20130101); Y02E 10/50 (20130101)
F24J 2/5203 (20130101); F24J 2/5245 (20130101); F16B 7/0453 (20130101); F16B 7/187 (20130101); Y02E 10/50 (20130101)
H01L 31/02021 (20130101); Y02E 10/566 (20130101); Y02E 10/58 (20130101)
G01D 4/00 (20130101); G01R 22/10 (20130101); G06Q 50/06 (20130101); H02J 13/001 (20130101); H02J 3/382 (20130101); Y02B 70/3216 (20130101); Y02E 40/72 (20130101); Y04S 10/40 (20130101); Y04S 20/221 (20130101)
H01L 31/02021 (20130101); H01L 31/042 (20130101); H02J 1/102 (20130101); H02J 3/383 (20130101); Y02E 10/50 (20130101)
G05F 1/67 (20130101)
H02J 3/383 (20130101); H02J 13/0079 (20130101); H02J 3/381 (20130101); H02J 3/382 (20130101); H02J 3/386 (20130101); Y02B 10/30 (20130101)
F24J 2/5211 (20130101); F24J 2/5245 (20130101); F24J 2/5262 (20130101); H01L 31/0422 (20130101); H01L 31/0482 (20130101); F16B 7/0433 (20130101); Y02B 10/12 (20130101); Y02B 10/20 (20130101); Y02E 10/47 (20130101); Y02E 10/50 (20130101)
H01L 31/0485 (20130101); H01L 31/0486 (20130101); H05K 7/026 (20130101); H01R 13/114 (20130101); H01R 31/08 (20130101); Y02E 10/50 (20130101)
H02J 3/383 (20130101); H02J 7/0024 (20130101); Y02E 10/563 (20130101)
F24J 2/38 (20130101); F24J 2/5254 (20130101); F24J 2/5258 (20130101); F24J 2/5424 (20130101); H01L 31/0422 (20130101); F24J 2002/5468 (20130101); Y02E 10/47 (20130101); Y02E 10/50 (20130101)
F24J 2/5205 (20130101); F24J 2/5247 (20130101); F24J 2/5258 (20130101); F24J 2/526 (20130101); H01L 31/0422 (20130101); H01L 31/0482 (20130101); Y02B 10/12 (20130101); Y02B 10/20 (20130101); Y02E 10/47 (20130101); Y02E 10/50 (20130101)
H02M 7/49 (20130101)
H02H 3/16 (20130101); H02H 7/1222 (20130101); H02H 7/20 (20130101)
F24J 2/5203 (20130101); F24J 2/5245 (20130101); F24J 2/5249 (20130101); Y02B 10/12 (20130101); Y02B 10/20 (20130101)
H01L 31/0422 (20130101); F24J 2002/5441 (20130101); F24J 2002/5451 (20130101); F24J 2002/5468 (20130101); Y02E 10/50 (20130101)
H01L 31/02021 (20130101); Y02E 10/50 (20130101)
H02J 7/35 (20130101); H02J 3/32 (20130101); Y02E 10/566 (20130101)
H02M 3/33523 (20130101); H02M 2007/4815 (20130101); Y02B 70/1433 (20130101); Y02B 70/1441 (20130101); Y02E 10/56 (20130101)
H02M 7/003 (20130101); H02J 7/355 (20130101)
G06Q 10/00 (20130101); G06Q 30/0283 (20130101); G06Q 40/08 (20130101); G06Q 50/16 (20130101); Y04S 10/60 (20130101)
F03G 1/02 (20130101); F03G 6/001 (20130101); H02P 9/04 (20130101); Y02B 10/20 (20130101); Y02B 10/30 (20130101); Y02B 10/70 (20130101); Y02E 10/38 (20130101); Y02E 10/46 (20130101); Y02E 10/725 (20130101)
G08B 13/1409 (20130101); G01R 31/405 (20130101)
F24J 2/5232 (20130101); F24J 2/5237 (20130101); F24J 2/525 (20130101); Y02B 10/20 (20130101); Y02E 10/47 (20130101)
F24J 2/5205 (20130101); F24J 2/5239 (20130101); F24J 2/5245 (20130101); F24J 2/525 (20130101); F24J 2/5258 (20130101); H01L 31/0422 (20130101); H01L 31/0424 (20130101); H01L 31/0484 (20130101); F24J 2002/5281 (20130101); F24J 2002/5292 (20130101); Y02B 10/12 (20130101); Y02E 10/47 (20130101)
G05F 1/67 (20130101); H02M 1/44 (20130101); Y02E 10/58 (20130101)
G01W 1/12 (20130101)
G06Q 10/04 (20130101); H01L 31/042 (20130101); H02S 10/00 (20130101); G01R 31/405 (20130101)
G01R 15/146 (20130101); G01R 19/0092 (20130101); G01R 27/18 (20130101)
H02M 7/53873 (20130101)
E04B 2/88 (20130101); H01L 31/02021 (20130101); H01L 31/0422 (20130101); H01L 31/0428 (20130101); Y02B 10/12 (20130101); Y02B 10/14 (20130101); Y02E 10/52 (20130101)
H02J 3/383 (20130101); H02M 3/158 (20130101); H02M 7/48 (20130101); Y02B 70/1425 (20130101); Y02E 10/563 (20130101)
H02J 3/38 (20130101); H02J 2003/001 (20130101)
F16B 2/185 (20130101); F16B 5/0032 (20130101); F16B 5/0635 (20130101); F16B 5/0685 (20130101); F16B 7/0493 (20130101); F16B 7/182 (20130101); F24J 2/5205 (20130101); F24J 2/5207 (20130101); F24J 2/5211 (20130101); F24J 2/5254 (20130101); F24J 2/5258 (20130101); F24J 2/526 (20130101); F24J 2/5264 (20130101); H01L 31/0422 (20130101); H01L 31/0482 (20130101); F24J 2002/4665 (20130101); F24J 2002/4669 (20130101); F24J 2002/5226 (20130101); Y02B 10/12 (20130101); Y02E 10/47 (20130101)
H01L 31/0485 (20130101); H01R 9/2425 (20130101); H01R 13/6641 (20130101); H01R 31/08 (20130101); Y02E 10/50 (20130101)
F24J 2/38 (20130101); F24J 2/5269 (20130101); Y02E 10/47 (20130101); Y02E 10/52 (20130101)
G05F 1/67 (20130101); H01L 31/02021 (20130101); H01L 31/042 (20130101); H02J 3/383 (20130101); H02J 3/385 (20130101); H02M 7/487 (20130101); H02M 2001/007 (20130101); Y02E 10/563 (20130101); Y02E 10/58 (20130101)
F24J 2/5239 (20130101); F24J 2/5254 (20130101); F24J 2/526 (20130101); F24J 2/541 (20130101); H01L 31/0422 (20130101); F24J 2002/5292 (20130101); Y02B 10/12 (20130101); Y02B 10/20 (20130101); Y02E 10/47 (20130101); Y02E 10/50 (20130101)
G05F 1/67 (20130101); Y02E 10/58 (20130101)
F24J 2/5205 (20130101); F24J 2/5239 (20130101); F24J 2/525 (20130101); F24J 2/5258 (20130101); H01L 31/0422 (20130101); H01L 31/0482 (20130101); F24J 2002/4665 (20130101); F24J 2002/4692 (20130101); Y02B 10/12 (20130101); Y02E 10/47 (20130101); Y02E 10/50 (20130101)
H01L 31/0485 (20130101); H01R 13/113 (20130101); H01R 13/506 (20130101); H01R 31/06 (20130101); H01R 2101/00 (20130101); Y02E 10/50 (20130101)
H02J 3/383 (20130101); H02M 3/158 (20130101); H02M 7/48 (20130101); Y02B 70/1425 (20130101); Y02E 10/563 (20130101)
H01L 31/02021 (20130101); H01L 31/0428 (20130101); H02M 1/36 (20130101); H02J 3/383 (20130101); H02M 7/797 (20130101); Y02E 10/50 (20130101); Y02E 10/563 (20130101)
H02M 1/32 (20130101); H03K 17/063 (20130101); H03K 17/162 (20130101); H03K 17/20 (20130101); H03K 2017/066 (20130101); H03K 2017/6875 (20130101); Y02E 10/56 (20130101)
E04D 12/004 (20130101); F24J 2/5211 (20130101); F24J 2/5254 (20130101); F24J 2/5256 (20130101); H01L 31/0483 (20130101); E04D 2001/3447 (20130101); F24J 2002/0061 (20130101); F24J 2002/4665 (20130101); Y02B 10/12 (20130101); Y02B 10/20 (20130101); Y02E 10/47 (20130101); Y02E 10/50 (20130101)
F24D 17/0015 (20130101); F24J 2/045 (20130101); H01L 31/0428 (20130101); H01L 31/0483 (20130101); H01L 31/0583 (20130101); F24D 2200/14 (20130101); Y02B 10/12 (20130101); Y02B 10/20 (20130101); Y02B 10/70 (20130101)
G06Q 10/06 (20130101); H02J 3/383 (20130101); Y02E 10/563 (20130101)
H01L 31/0482 (20130101); H01L 31/058 (20130101); Y02B 10/12 (20130101); Y02B 10/20 (20130101); Y02B 10/70 (20130101)
H01L 31/02021 (20130101); H02J 3/383 (20130101); H01L 31/05 (20130101); Y02B 10/14 (20130101); Y02E 10/50 (20130101); Y02E 10/563 (20130101); Y02E 40/72 (20130101); Y04S 10/123 (20130101)
G01R 31/405 (20130101); H01L 31/042 (20130101); H02J 7/35 (20130101); Y02E 10/566 (20130101)
H01L 31/048 (20130101); H01L 31/0482 (20130101); Y02B 10/12 (20130101); Y02B 10/20 (20130101); Y02E 10/50 (20130101)
H02J 3/382 (20130101); H02M 7/48 (20130101); Y02E 10/563 (20130101)
H01L 31/02021 (20130101); H02J 3/383 (20130101); Y02E 10/563 (20130101)
F24J 2/5205 (20130101); F24J 2/523 (20130101); F24J 2/5258 (20130101); H01L 31/0422 (20130101); H01L 31/048 (20130101); F24J 2002/4676 (20130101); Y02B 10/12 (20130101); Y02B 10/20 (20130101); Y02E 10/47 (20130101); Y02E 10/50 (20130101)
H02J 3/36 (20130101); H02J 3/382 (20130101); H02M 7/493 (20130101); H02M 2001/0074 (20130101); Y02E 10/563 (20130101)
H02J 1/102 (20130101); H02J 3/382 (20130101); H02M 3/1584 (20130101); H02M 7/48 (20130101); H02M 2001/007 (20130101); Y02E 10/563 (20130101)
H01H 9/542 (20130101); H01H 33/596 (20130101)
H02M 7/49 (20130101); H02M 7/493 (20130101); H02M 7/497 (20130101); Y02E 10/56 (20130101)
H02M 1/44 (20130101); H02M 7/5388 (20130101); H02M 7/797 (20130101); H02M 2001/0048 (20130101); Y02B 70/1491 (20130101)
H02J 3/32 (20130101); Y02E 70/30 (20130101)
F24J 2/5211 (20130101); F24J 2/5239 (20130101); F24J 2/5252 (20130101); H01L 31/0482 (20130101); F24J 2/4638 (20130101); Y02B 10/12 (20130101); Y02E 10/47 (20130101); Y02E 10/50 (20130101)
H02J 3/26 (20130101); Y02E 40/50 (20130101)
F24J 2/5205 (20130101); F24J 2/5247 (20130101); H01L 31/0422 (20130101); H01L 31/0482 (20130101); E04B 2001/405 (20130101); F24J 2002/4656 (20130101); Y02B 10/12 (20130101); Y02B 10/20 (20130101); Y02E 10/47 (20130101); Y02E 10/50 (20130101)
H02J 7/35 (20130101); H02J 9/062 (20130101); Y02B 10/72 (20130101)
H01L 31/02021 (20130101); H02J 3/383 (20130101); Y02E 10/563 (20130101)
H02J 7/35 (20130101)
H02J 3/383 (20130101)
H02J 1/10 (20130101); H02J 3/38 (20130101)
F24J 2/5211 (20130101); F24J 2/5239 (20130101); F24J 2/5252 (20130101); H01L 31/0422 (20130101); H01L 31/0482 (20130101); F24J 2/4638 (20130101); Y02B 10/12 (20130101); Y02E 10/47 (20130101); Y02E 10/50 (20130101)
H02J 3/382 (20130101); H02M 2001/0077 (20130101); Y02B 10/14 (20130101); Y02E 10/563 (20130101); Y02E 10/58 (20130101)
H04Q 9/00 (20130101)
H05K 7/20945 (20130101)
H01L 31/02008 (20130101); H01L 31/05 (20130101); H02J 7/35 (20130101); Y02E 10/566 (20130101)
H01L 31/02021 (20130101); Y02E 10/566 (20130101); Y02E 10/58 (20130101)
G01R 31/40 (20130101); H02S 50/00 (20130101); G01R 31/2829 (20130101)
F02D 29/06 (20130101); Y02B 10/30 (20130101)
H02J 3/382 (20130101); H02J 7/35 (20130101); Y02E 10/563 (20130101); Y02E 10/566 (20130101)

G01W 1/12 (20130101)
G06Q 10/04 (20130101); H01L 31/042 (20130101); H02S 10/00 (20130101); G01R 31/405 (20130101)
H02J 3/383 (20130101); Y02E 10/563 (20130101)

H02J 1/102 (20130101); H02J 3/32 (20130101); H02J 3/383 (20130101); Y02E 10/563 (20130101); Y02E 10/566 (20130101); Y02E 10/58 (20130101); Y02E 70/30 (20130101)
H02J 3/383 (20130101); Y02E 10/563 (20130101)
H02J 7/35 (20130101); Y02E 10/566 (20130101); Y02E 10/58 (20130101)

F24J 2/045 20130101; F24J 2/085 20130101; F24J 2/265 20130101; H01L 31/0522 20130101; H01L 31/058 20130101; Y02B 10/12 20130101; Y02B 10/20 20130101; Y02B 10/70 20130101; Y02E 10/52 20130101; Y02E 10/60 20130101
H02J 3/382 20130101; H02J 7/35 20130101; Y02E 10/563 20130101; Y02E 10/566 20130101
Y02B 10/10 20130101; Y02B 10/20 20130101; Y02E 10/44 20130101; Y02E 10/47 20130101; Y02E 10/50 20130101; F24J 2/045 20130101; F24J 2/5203 20130101; F24J 2002/5215 20130101; H01L 31/0422 20130101
F24J 2/5207 20130101; F24J 2/5232 20130101; F24J 2/5258 20130101; F24J 2002/5486 20130101; H01L 31/0422 20130101; H01L 31/0482 20130101; Y02E 10/47 20130101; Y02E 10/50 20130101
H01L 31/042 20130101; Y02B 10/12 20130101; Y02B 10/14 20130101; Y02E 10/50 20130101
F24J 2/5201 20130101; H01L 31/0422 20130101; Y02B 10/20 20130101; Y02E 10/47 20130101; Y02E 10/50 20130101
H01L 31/02008 20130101; H01L 31/048 20130101; H01L 31/0482 20130101; Y02B 10/12 20130101; Y02E 10/50 20130101
F24J 2/5228 20130101; F24J 2002/4676 20130101; H01L 31/048 20130101; H01L 31/0482 20130101; H01L 31/0483 20130101; H01L 31/052 20130101; H01L 31/058 20130101; Y02B 10/20 20130101; Y02E 10/47 20130101; Y02E 10/50 20130101; Y02E 10/60 20130101
F24J 2/4638 20130101; F24J 2/5235 20130101; F24J 2/5239 20130101; F24J 2/526 20130101; F24J 2002/5292 20130101; H01L 31/0422 20130101; H01L 31/0482 20130101; Y02B 10/12 20130101; Y02B 10/20 20130101; Y02E 10/47 20130101; Y02E 10/50 20130101
H01L 31/02008 20130101; H01L 31/048 20130101; Y02E 10/50 20130101
H02J 7/35 20130101; H02M 3/1588 20130101; Y02B 70/1466 20130101
G06Q 10/04 20130101; Y02B 10/12 20130101
F24J 2/5245 20130101; F24J 2002/4667 20130101; F24J 2002/4669 20130101; F24J 2002/5294 20130101; H01L 31/0482 20130101; Y02B 10/12 20130101; Y02B 10/20 20130101; Y02E 10/47 20130101; Y02E 10/50 20130101
E04D 2001/3458 20130101; F24J 2/045 20130101; F24J 2/5211 20130101; F24J 2/5262 20130101; F24J 2/5264 20130101; F24J 2002/0053 20130101; F24J 2002/0061 20130101; H01L 31/0482 20130101; Y02B 10/12 20130101; Y02B 10/20 20130101; Y02E 10/47 20130101; Y02E 10/50 20130101
H02M 7/003 20130101
H02J 3/382 20130101; H02M 7/48 20130101; Y02E 10/563 20130101
B23K 31/02 20130101; B23K 2201/18 20130101; H01L 31/048 20130101; H01L 31/05 20130101; Y02E 10/50 20130101
F16M 11/14 20130101; F16M 11/2078 20130101; F21S 9/035 20130101; F21V 21/0824 20130101; F21V 21/29 20130101; F21W 2111/02 20130101; F21W 2131/109 20130101; F24J 2/5431 20130101; F24J 2002/5489 20130101; H01L 31/0422 20130101; H01L 31/0586 20130101; Y02E 10/47 20130101; Y02E 10/50 20130101
Y02B 10/12 20130101; Y02E 10/50 20130101; H01L 31/02008 20130101; H01L 31/0482 20130101; H01L 31/0483 20130101
F24J 2/5205 20130101; H01L 31/02008 20130101; H01L 31/0422 20130101; Y02B 10/12 20130101; Y02E 10/50 20130101
H01L 31/0428 20130101; H02J 7/0065 20130101; H02J 7/35 20130101; Y02E 10/50 20130101
H02M 3/155 20130101; H02M 3/158 20130101; Y02E 10/56 20130101
H02J 3/382 20130101; H02M 7/48 20130101; Y02E 10/563 20130101
H01L 31/042 20130101; Y02E 10/50 20130101
H02M 7/483 20130101; H02M 7/487 20130101; H02M 7/538 20130101; Y02E 10/56 20130101
G06Q 30/04 20130101; G06Q 50/06 20130101; Y04S 50/12 20130101
F24J 2/0455 20130101; H01L 31/0483 20130101; Y02B 10/12 20130101; Y02B 10/20 20130101; Y02E 10/44 20130101; Y02E 10/50 20130101
H01M 10/42 20130101; H01M 10/44 20130101; H01M 10/443 20130101; H01M 10/465 20130101; Y02E 60/12 20130101
F24J 2/07 20130101; F24J 2/08 20130101; F24J 2/10 20130101; F24J 2/18 20130101; H01L 31/0522 20130101; H01L 31/058 20130101; H01L 31/0583 20130101; H01L 31/078 20130101; Y02E 10/52 20130101; Y02E 10/60 20130101
H01L 31/042 20130101; H01L 31/048 20130101; Y02B 10/12 20130101; Y02B 10/70 20130101; Y02E 10/50 20130101
H01L 31/042 20130101; H01L 31/0482 20130101; Y02B 10/12 20130101; Y02B 10/14 20130101; Y02B 10/70 20130101; Y02E 10/50 20130101
Y02E 10/50 20130101; F24J 2/045 20130101; H01L 31/048 20130101; H01L 31/0482 20130101; Y02B 10/12 20130101; Y02B 10/20 20130101
H01L 31/02021 20130101; H01M 10/44 20130101; H01M 10/465 20130101; H02J 7/35 20130101; Y02E 10/50 20130101; Y02E 60/12 20130101
E04D 3/352 20130101; E04D 5/12 20130101; F24J 2/045 20130101; F24J 2/5205 20130101; F24J 2/5235 20130101; F24J 2/5249 20130101; F24J 2/5256 20130101; F24J 2002/4676 20130101; F24J 2002/5222 20130101; F24J 2002/5226 20130101; F24J 2002/5292 20130101; H01L 31/0482 20130101; Y02B 10/12 20130101; Y02B 10/20 20130101; Y02E 10/44 20130101; Y02E 10/47 20130101; Y02E 10/50 20130101
E04D 3/352 20130101; E04D 5/12 20130101; F24J 2/045 20130101; F24J 2/5205 20130101; F24J 2/5235 20130101; F24J 2/5249 20130101; F24J 2/5256 20130101; F24J 2002/4676 20130101; F24J 2002/5222 20130101; F24J 2002/5226 20130101; F24J 2002/5292 20130101; H01L 31/0482 20130101; Y02B 10/12 20130101; Y02B 10/20 20130101; Y02E 10/44 20130101; Y02E 10/47 20130101; Y02E 10/50 20130101
E04B 7/12 20130101; E04H 6/025 20130101; F24J 2/5232 20130101; H01L 31/0422 20130101; H01L 31/0482 20130101; Y02B 10/12 20130101; Y02B 10/20 20130101; Y02E 10/47 20130101; Y02E 10/50 20130101
F24J 2/5207 20130101; F24J 2/5211 20130101; F24J 2/5258 20130101; F24J 2002/4665 20130101; H01L 31/0422 20130101; H01R 4/26 20130101; H01R 4/64 20130101; H01R 4/66 20130101; Y02B 10/12 20130101; Y02E 10/47 20130101; Y02E 10/50 20130101
H02J 7/35 20130101; Y02E 10/566 20130101
F24J 2/045 20130101; F24J 2/5211 20130101; F24J 2/5245 20130101; F24J 2002/4665 20130101; F24J 2002/5281 20130101; H01L 31/0422 20130101; H01L 31/0482 20130101; H01L 31/0485 20130101; H01L 31/05 20130101; Y02B 10/12 20130101; Y02B 10/20 20130101; Y02E 10/47 20130101; Y02E 10/50 20130101
H02J 3/382 20130101; H02J 13/002 20130101; H02J 13/0082 20130101; Y02E 40/72 20130101; Y02E 60/7815 20130101; Y04S 40/121 20130101
H02M 7/48 20130101; Y02B 10/14 20130101; Y02B 10/70 20130101
H01L 31/042 20130101; Y02B 10/12 20130101; Y02E 10/50 20130101
H01L 31/0485 20130101; H01L 31/05 20130101; Y02E 10/50 20130101
H02H 3/16 20130101
H01L 31/02008 20130101; H01L 31/048 20130101; H01L 31/0483 20130101; Y02B 10/12 20130101; Y02E 10/50 20130101
H02J 1/102 20130101; H02J 3/382 20130101; H02J 7/35 20130101
G01D 4/004 20130101; H02J 3/382 20130101; Y02B 70/3208 20130101; Y02B 70/343 20130101; Y02B 90/242 20130101; Y02B 90/245 20130101; Y02B 90/248 20130101; Y04S 20/322 20130101; Y04S 20/34 20130101; Y04S 20/40 20130101; Y04S 20/52 20130101
G01R 31/405 20130101; G01R 31/3025 20130101
H02J 3/14 20130101; H02J 2003/143 20130101; Y02B 70/3225 20130101; Y02B 70/3266 20130101; Y04S 20/222 20130101; Y04S 20/242 20130101
E04H 12/2261 20130101; E04H 12/2269 20130101; H01L 31/0422 20130101; Y02E 10/50 20130101
H01L 31/048 20130101; H01L 31/052 20130101; Y02E 10/50 20130101
G01D 4/004 20130101; H04Q 9/00 20130101; Y02B 90/242 20130101; Y04S 20/322 20130101
H02M 1/126 20130101; H02M 1/4225 20130101; Y02B 70/126 20130101; Y02E 10/56 20130101
F24J 2/5228 20130101; F24J 2002/4656 20130101; F24J 2002/5215 20130101; H01L 31/0422 20130101; H01L 31/048 20130101; Y02E 10/47 20130101; Y02E 10/50 20130101
G06Q 50/06 20130101; H02J 3/382 20130101; H02J 13/0027 20130101; Y02E 40/72 20130101; Y04S 10/123 20130101
E04F 13/0803 20130101; F24J 2/5211 20130101; F24J 2/5254 20130101; F24J 2002/4665 20130101; F24J 2002/5215 20130101; F24J 2002/5226 20130101; H01L 31/0422 20130101; H01L 31/048 20130101; H01L 31/0482 20130101; Y02B 10/12 20130101; Y02E 10/47 20130101; Y02E 10/50 20130101
F24J 2/045 20130101; F24J 2/52 20130101; H01L 31/0422 20130101; H01L 31/0482 20130101; Y02B 10/20 20130101; Y02E 10/50 20130101
F24J 2/4638 20130101; F24J 2/5233 20130101; F24J 2/5254 20130101; F24J 2002/5284 20130101; F24J 2002/5486 20130101; Y02B 10/20 20130101; Y02E 10/47 20130101
G06Q 30/02 20130101; G06Q 50/06 20130101; Y04S 50/14 20130101
H01L 31/0428 20130101; H02J 3/382 20130101; H02M 7/003 20130101; H02M 7/493 20130101; Y02B 10/14 20130101; Y02E 10/56 20130101
H01L 31/0428 20130101; H02J 3/382 20130101; H02M 7/003 20130101; H02M 7/493 20130101; Y02B 10/14 20130101; Y02E 10/56 20130101
H02M 1/126 20130101; H02M 2001/123 20130101; Y02E 10/56 20130101
F24J 2/085 20130101; F24J 2/523 20130101; F24J 2/5233 20130101; F24J 2/542 20130101; F24J 2002/0084 20130101; H01L 31/0232 20130101; H01L 31/0422 20130101; H01L 31/0522 20130101; H01L 31/0725 20130101; H01L 31/0735 20130101; H01L 31/078 20130101; Y02E 10/47 20130101; Y02E 10/52 20130101
H01L 31/0483 20130101; H01L 31/05 20130101; H01R 13/112 20130101; H01R 23/7068 20130101; Y02B 10/12 20130101; Y02E 10/50 20130101
F24J 2200/04 20130101; G06T 17/05 20130101; G06T 19/00 20130101
H02J 3/382 20130101; H02J 9/062 20130101; H02J 2001/004 20130101; Y02B 10/72 20130101; Y02E 10/766 20130101
G01R 31/405 20130101; H01L 31/02021 20130101; H02J 7/0044 20130101; Y02E 10/50 20130101
F24J 2/0455 20130101; F24J 2/055 20130101; F24J 2/18 20130101; F24J 2/5254 20130101; F24J 2/5256 20130101; F24J 2002/4665 20130101; F24J 2002/503 20130101; Y02B 10/22 20130101; Y02E 10/44 20130101; Y02E 10/47 20130101
H02J 7/35 20130101; Y02B 10/14 20130101; Y02E 10/566 20130101
G06Q 10/04 20130101; G06Q 10/06 20130101; G06Q 50/06 20130101; Y04S 10/60 20130101
F24J 2/5247 20130101; F24J 2/5254 20130101; F24J 2002/5284 20130101; F24J 2002/5298 20130101; H01L 31/0422 20130101; H01L 31/0482 20130101; Y02B 10/12 20130101; Y02E 10/50 20130101
H01L 31/02021 20130101; H02J 3/383 20130101; Y02E 10/50 20130101
F24J 2/523 20130101; F24J 2/5233 20130101; F24J 2/542 20130101; F24J 2002/5441 20130101; H01L 31/0232 20130101; H01L 31/0422 20130101; H01L 31/0522 20130101; H01L 31/0725 20130101; H01L 31/0735 20130101; H01L 31/078 20130101; Y02E 10/47 20130101; Y02E 10/50 20130101
F24J 2/5205 20130101; F24J 2/5254 20130101; F24J 2/5262 20130101; H01L 31/042 20130101; H01L 31/0422 20130101; H01L 31/0482 20130101; Y02E 10/50 20130101
H02J 3/18 20130101; H02J 3/382 20130101; Y02E 10/563 20130101; Y02E 40/30 20130101
G06Q 10/00 20130101; G06Q 30/04 20130101; G06Q 50/00 20130101; G06Q 50/06 20130101
H02J 3/382 20130101; Y02E 10/563 20130101
G05F 1/67 20130101; Y02E 10/58 20130101
H01L 31/02021 20130101; H02J 1/12 20130101; H02J 13/0079 20130101; Y02E 40/72 20130101
G01W 1/12 20130101; G06T 3/00 20130101
F24J 2/5211 20130101; F24J 2/5245 20130101; H01L 31/0422 20130101; Y02B 10/12 20130101; Y02B 10/20 20130101; Y02E 10/50 20130101
F24J 2/4638 20130101; F24J 2/5239 20130101; F24J 2/5243 20130101; F24J 2/5254 20130101; F24J 2/5256 20130101; F24J 2/5264 20130101; F24J 2002/4661 20130101; F24J 2002/5215 20130101; H01L 31/0422 20130101; Y02B 10/20 20130101; Y02E 10/47 20130101; Y02E 10/50 20130101
F24J 2/5233 20130101; F24J 2/5239 20130101; F24J 2/5245 20130101; F24J 2/5254 20130101; F24J 2002/5292 20130101; H01L 31/0422 20130101; H01L 31/0484 20130101; Y02B 10/12 20130101; Y02B 10/20 20130101; Y02E 10/47 20130101; Y02E 10/50 20130101
G05F 1/67 20130101; H01L 31/042 20130101; Y02E 10/58 20130101
H01L 31/0428 20130101; H01L 31/0485 20130101; H01L 31/052 20130101; Y02E 10/50 20130101
G01R 15/202 20130101; G01R 31/405 20130101
H01L 31/042 20130101; H01L 31/0422 20130101; Y02B 10/14 20130101; Y02E 10/50 20130101
F24J 2/5207 20130101; F24J 2/5247 20130101; F24J 2/5258 20130101; F24J 2/526 20130101; F24J 2002/4661 20130101; F24J 2002/4665 20130101; F24J 2002/467 20130101; F24J 2002/5215 20130101; H01L 31/0422 20130101; Y02B 10/12 20130101; Y02B 10/20 20130101; Y02E 10/47 20130101; Y02E 10/50 20130101
G01W 1/10 20130101; H01L 31/042 20130101; Y02E 10/50 20130101
H01L 31/02005 20130101; H02J 3/383 20130101; Y02B 10/14 20130101; Y02E 10/563 20130101
H02J 3/382 20130101; H02M 7/487 20130101
H01L 31/0483 20130101; H01L 31/0485 20130101; Y02B 10/12 20130101; Y02E 10/50 20130101
H01L 31/042 20130101; Y02E 10/50 20130101
H02H 3/16 20130101; H02H 7/20 20130101; Y02B 10/12 20130101; Y02B 10/14 20130101; Y02E 10/56 20130101
G01R 31/2605 20130101; H01L 31/048 20130101; H01L 31/0522 20130101; Y02E 10/50 20130101; Y02E 10/52 20130101
G01R 31/405 20130101; G08B 13/1436 20130101; H01L 31/02021 20130101; H01L 31/0485 20130101; Y02E 10/50 20130101
F24J 2/5237 20130101; F24J 2/5239 20130101; F24J 2002/4692 20130101; H01L 31/0482 20130101; H01L 31/0484 20130101; Y02B 10/12 20130101; Y02B 10/22 20130101; Y02E 10/47 20130101; Y02E 10/50 20130101
H02J 7/35 20130101; H02J 13/002 20130101; Y02E 10/566 20130101; Y02E 40/72 20130101; Y04S 10/123 20130101
F24J 2/464 20130101; F24J 2/5205 20130101; F24J 2/5211 20130101; H01L 31/0422 20130101; H01L 31/048 20130101; H01L 31/0482 20130101; Y02B 10/20 20130101; Y02E 10/47 20130101; Y02E 10/50 20130101

F24J 2/5203 20130101; F24J 2/5228 20130101; F24J 2/5254 20130101; F24J 2002/4676 20130101; F24J 2002/5222 20130101; H01L 31/0422 20130101; Y02E 10/47 20130101; Y02E 10/50 20130101
H01L 31/02019 20130101; H01L 31/075 20130101; H01L 31/076 20130101; H01L 31/1876 20130101; Y02B 10/12 20130101; Y02B 10/14 20130101; Y02E 10/548 20130101
H02J 3/382 20130101
F24J 2002/4659 20130101; H01L 31/0422 20130101; H01L 31/0482 20130101; Y02B 10/12 20130101
H01L 31/02021 20130101; H01L 31/0428 20130101; H02J 3/383 20130101; Y02B 10/12 20130101; Y02B 10/14 20130101; Y02E 10/563 20130101
G06F 1/263 20130101; G06F 1/3203 20130101; G06F 1/329 20130101; G06F 9/4893 20130101; H02J 7/345 20130101; H02J 7/35 20130101; Y02B 60/144 20130101

F24J 2/5207 20130101; F24J 2/5258 20130101; F24J 2002/5275 20130101; H01L 31/0422 20130101; H01L 31/0482 20130101; Y02B 10/12 20130101; Y02B 10/20 20130101; Y02E 10/47 20130101; Y02E 10/50 20130101
H02J 3/382 20130101; H02J 13/002 20130101; H02J 13/0082 20130101; Y02E 40/72 20130101; Y02E 60/7815 20130101; Y04S 40/121 20130101
G05F 1/67 20130101
G05F 1/67 20130101; H01L 31/02021 20130101; H02J 3/383 20130101; Y02E 10/50 20130101
F24J 2/5205 20130101; F24J 2/5211 20130101; F24J 2/5245 20130101; F24J 2/5254 20130101; F24J 2/5258 20130101; F24J 2/5264 20130101; F24J 2002/4658 20130101; F24J 2002/529 20130101; F24J 2002/5486 20130101; H01L 31/0422 20130101; Y02B 10/12 20130101; Y02E 10/47 20130101; Y02E 10/50 20130101
G01R 31/2605 20130101; G01R 31/308 20130101; G01R 31/405 20130101; H01L 31/18 20130101
H01L 31/02021 20130101; H02J 1/102 20130101; H02J 3/382 20130101; H02J 7/35 20130101; Y02E 10/50 20130101
H01L 31/05 20130101; H01R 23/27 20130101; Y02E 10/50 20130101
H01M 10/465 20130101; Y02E 60/12 20130101
F24J 2/5232 20130101; F24J 2002/5486 20130101; H01L 31/0422 20130101; Y02B 10/12 20130101; Y02B 10/20 20130101; Y02E 10/47 20130101; Y02E 10/50 20130101
H01L 31/042 20130101; H02J 3/382 20130101; Y02E 10/563 20130101
F24J 2/4614 20130101; F24J 2/5211 20130101; F24J 2/5254 20130101; H01L 31/0422 20130101; H01L 31/0428 20130101; H01L 31/0482 20130101; H01L 31/0485 20130101; Y02B 10/12 20130101; Y02B 10/14 20130101; Y02B 10/20 20130101; Y02E 10/47 20130101; Y02E 10/50 20130101
F24J 2/16 20130101; F24J 2/4638 20130101; F24J 2/541 20130101; H01L 31/0422 20130101; H01L 31/0525 20130101; Y02E 10/47 20130101; Y02E 10/52 20130101
F24J 2/52 20130101; F24J 2/5205 20130101; F24J 2/5211 20130101; F24J 2/5228 20130101; F24J 2002/0061 20130101; Y02B 10/12 20130101
H01L 31/042 20130101; H01L 31/0482 20130101; Y02B 10/12 20130101; Y02B 10/14 20130101; Y02B 10/70 20130101; Y02E 10/50 20130101

G01F 15/063 20130101; G01F 23/284 20130101; G01F 23/296 20130101; H04Q 9/00 20130101
H02J 3/38 20130101; Y02B 10/12 20130101; Y02B 10/14 20130101; Y02E 10/563 20130101
F24J 2/045 20130101; H01L 31/0482 20130101; Y02B 10/12 20130101; Y02B 10/20 20130101; Y02E 10/44 20130101; Y02E 10/50 20130101

H02J 3/14 20130101; H02J 3/382 20130101; Y02B 10/30 20130101
G09F 11/025 20130101; G09F 17/00 20130101; G09F 19/14 20130101; G09F 19/22 20130101
H02M 3/33576 20130101; H02M 2007/4815 20130101; Y02B 70/1433 20130101; Y02B 70/1441 20130101
H02M 1/15 20130101; H02M 7/48 20130101
H02J 3/383 20130101
H02J 3/383 20130101
H01L 31/0485 20130101; H01R 4/489 20130101; H01R 12/592 20130101; Y02E 10/50 20130101
H02H 3/16 20130101; H02H 7/1222 20130101; H02H 7/20 20130101; H02J 3/38 20130101; H02J 3/383 20130101; Y02E 10/56 20130101
H01L 31/048 20130101; H01L 31/188 20130101; H05K 1/189 20130101; H05K 3/0058 20130101; H05K 3/281 20130101; H05K 3/305 20130101; H05K 2201/015 20130101; H05K 2201/0154 20130101; H05K 2201/10121 20130101; Y02E 10/50 20130101
H01L 31/02021 20130101; H04Q 9/00 20130101; H04Q 2209/823 20130101; H04Q 2209/886 20130101; Y02E 10/50 20130101
H01L 31/0428 20130101; Y02B 10/12 20130101; Y02B 10/14 20130101; Y02E 10/50 20130101
H01H 85/201 20130101; H01L 31/02008 20130101; H01L 31/05 20130101; Y02E 10/50 20130101
F24J 2/5211 20130101; H01L 31/0422 20130101; Y02E 10/47 20130101; Y02E 10/50 20130101
F24J 2/52 20130101; H01L 31/0422 20130101; Y02E 10/50 20130101
F24J 2/5205 20130101; F24J 2/5254 20130101; H01L 31/0422 20130101; Y02E 10/47 20130101
B32B 17/10018 20130101; F24J 2/52 20130101; H01L 31/0422 20130101; H01L 31/048 20130101; Y02E 10/50 20130101
H02J 3/18 20130101; H02J 3/383 20130101; H02J 13/0006 20130101; Y02E 40/30 20130101; Y02E 40/72 20130101; Y04S 10/123 20130101
E04B 2/88 20130101; H01L 31/02021 20130101; H01L 31/0422 20130101; H01L 31/0428 20130101; Y02B 10/12 20130101; Y02B 10/14 20130101; Y02E 10/52 20130101
E04B 2/88 20130101; H01L 31/02021 20130101; H01L 31/0422 20130101; H01L 31/0428 20130101; Y02B 10/12 20130101; Y02B 10/14 20130101; Y02E 10/52 20130101
E04B 2/88 20130101; H01L 31/02021 20130101; H01L 31/0422 20130101; H01L 31/0428 20130101; Y02B 10/12 20130101; Y02B 10/14 20130101; Y02E 10/52 20130101
E04B 2/88 20130101; H01L 31/02021 20130101; H01L 31/0422 20130101; H01L 31/0428 20130101; Y02B 10/12 20130101; Y02B 10/14 20130101; Y02E 10/52 20130101
E04B 2/88 20130101; H01L 31/02021 20130101; H01L 31/0422 20130101; H01L 31/0428 20130101; Y02B 10/12 20130101; Y02B 10/14 20130101; Y02E 10/52 20130101
H01L 31/02021 20130101; H02J 3/383 20130101; H02J 7/35 20130101; H02M 7/48 20130101; Y02E 10/72 20130101; Y02E 10/723 20130101
H02J 3/382 20130101; Y02E 10/563 20130101
H02H 7/20 20130101; Y02E 10/56 20130101
G05F 5/00 20130101
F24J 2/085 20130101; F24J 2/1047 20130101; F24J 2/26 20130101; F24J 2/4625 20130101; F24J 2/541 20130101; F24J 2002/5451 20130101; F24J 2002/5468 20130101; H01L 31/0522 20130101; H01L 31/058 20130101; Y02B 10/12 20130101; Y02B 10/20 20130101; Y02B 10/70 20130101; Y02E 10/43 20130101; Y02E 10/44 20130101; Y02E 10/47 20130101; Y02E 10/52 20130101; Y02E 10/60 20130101
H01L 27/1423 20130101; H01L 31/02008 20130101; H01L 31/022425 20130101; H01L 31/03928 20130101; Y02E 10/50 20130101; Y02E 10/541 20130101
F24J 2/525 20130101; F24J 2/5252 20130101; H01L 31/02008 20130101; H01L 31/0422 20130101; Y02E 10/47 20130101; Y02E 10/50 20130101
F24J 2/464 20130101; F24J 2/5211 20130101; F24J 2/5247 20130101; F24J 2002/4661 20130101; F24J 2002/5281 20130101; H01L 31/0422 20130101; Y02B 10/20 20130101; Y02E 10/47 20130101; Y02E 10/50 20130101
H01L 31/02008 20130101; H01L 31/02021 20130101; H01L 31/0482 20130101; H01L 31/05 20130101; H01R 4/2404 20130101; H01R 13/5216 20130101; H01R 25/14 20130101; H02G 5/04 20130101; Y02B 10/12 20130101; Y02E 10/50 20130101
F24J 2/4614 20130101; F24J 2/5207 20130101; F24J 2/5209 20130101; F24J 2/5211 20130101; F24J 2/526 20130101; F24J 2002/4665 20130101; F24J 2002/5222 20130101; F24J 2002/5294 20130101; H01L 31/0482 20130101; Y02B 10/12 20130101; Y02B 10/20 20130101; Y02E 10/47 20130101; Y02E 10/50 20130101
F24J 2/5232 20130101; F24J 2/5264 20130101; F24J 2002/5215 20130101; F24J 2002/529 20130101; F24J 2002/5486 20130101; F24J 2002/5489 20130101; Y02E 10/47 20130101
H02J 1/102 20130101; H02J 3/382 20130101; H02J 13/0079 20130101; Y02E 40/72 20130101; Y04S 10/123 20130101
F24J 2/5205 20130101; F24J 2/5239 20130101; F24J 2/5241 20130101; F24J 2/5245 20130101; F24J 2/5258 20130101; F24J 2002/4672 20130101; H01L 31/0482 20130101; Y02B 10/12 20130101; Y02B 10/20 20130101; Y02E 10/47 20130101; Y02E 10/50 20130101
H02J 3/38 20130101; Y02E 10/563 20130101

H01L 31/0428 20130101; H01L 31/0485 20130101; Y02E 10/50 20130101
F24J 2/5232 20130101; F24J 2/5258 20130101; H01L 31/042 20130101; H01L 31/0482 20130101; Y02E 10/40 20130101; Y02E 10/50 20130101; Y02E 60/12 20130101

E04F 13/0821 20130101; F24J 2/52 20130101; H01L 31/042 20130101; H01L 31/048 20130101; Y02B 10/12 20130101; Y02E 10/50 20130101
F24J 2/38 20130101; F24J 2/4607 20130101; F24J 2/542 20130101; F24J 2200/04 20130101; G01S 3/781 20130101; G01S 3/7861 20130101; H01L 31/0422 20130101; Y02E 10/47 20130101
E02D 27/32 20130101; F24J 2/5237 20130101; F24J 2/5239 20130101; F24J 2/525 20130101; F24J 2002/5292 20130101; H01L 31/0422 20130101; Y02E 10/47 20130101; Y02E 10/50 20130101
H01L 31/02021 20130101; H02M 7/5387 20130101; H02M 2001/007 20130101; Y02E 10/56 20130101
F24J 2/4638 20130101; F24J 2/5207 20130101; F24J 2/5239 20130101; F24J 2/5241 20130101; F24J 2/5245 20130101; F24J 2/5256 20130101; F24J 2002/5281 20130101; F24J 2002/5286 20130101; H01L 31/0422 20130101; Y02B 10/12 20130101; Y02B 10/20 20130101; Y02E 10/47 20130101; Y02E 10/50 20130101
F24J 2/5211 20130101; F24J 2/5252 20130101; H01L 31/0422 20130101; Y02B 10/12 20130101; Y02E 10/47 20130101; Y02E 10/50 20130101
H01L 31/0428 20130101; Y02E 10/50 20130101
F24J 2/5205 20130101; F24J 2/5245 20130101; F24J 2/5258 20130101; F24J 2002/5215 20130101; Y02B 10/20 20130101
G05F 1/67 20130101; H02M 7/493 20130101; Y02E 10/58 20130101
F24J 2/4614 20130101; F24J 2/464 20130101; F24J 2/5203 20130101; F24J 2/5211 20130101; F24J 2002/4658 20130101; F24J 2002/5215 20130101; F24J 2002/5224 20130101; H01L 31/0422 20130101; Y02E 10/47 20130101; Y02E 10/50 20130101
F24J 2/5205 20130101; F24J 2/5254 20130101; F24J 2/5256 20130101; F24J 2002/5216 20130101; H01L 31/0422 20130101; Y02E 10/47 20130101; Y02E 10/50 20130101
G01D 4/004 20130101; G01R 22/063 20130101; G01R 22/10 20130101; Y02B 90/242 20130101; Y02B 90/246 20130101; Y04S 20/322 20130101; Y04S 20/42 20130101
G05F 1/67 20130101; H01L 31/02021 20130101; H02J 3/383 20130101; H02M 1/12 20130101; H02M 7/48 20130101; Y02E 10/563 20130101; Y02E 10/58 20130101

H01L 31/048 20130101; H01L 31/052 20130101; H01L 31/0522 20130101; Y02E 10/50 20130101
F24J 2/5207 20130101; F24J 2/5245 20130101; H01L 31/0422 20130101; Y02E 10/47 20130101; Y02E 10/50 20130101
H02J 3/383 20130101; H02J 7/35 20130101; Y02E 10/563 20130101; Y02E 10/566 20130101
H01L 31/05 20130101; H01R 13/52 20130101; Y02B 10/10 20130101; Y02E 10/50 20130101
G05F 1/67 20130101; H01L 31/02021 20130101; H02J 3/385 20130101; Y02E 10/50 20130101
H01H 47/002 20130101; H02M 7/48 20130101
H05K 7/20945 20130101
H02J 3/383 20130101; Y02E 10/563 20130101
H02J 3/383 20130101; Y02E 10/563 20130101
F24J 2/5205 20130101; F24J 2/5258 20130101; H01L 31/0422 20130101; Y02E 10/47 20130101; Y02E 10/50 20130101
H02J 3/32 20130101; H02J 3/385 20130101; H02J 7/35 20130101; Y02E 10/50 20130101; Y02E 10/563 20130101; Y02E 10/58 20130101; Y02E 70/30 20130101
H01L 31/02021 20130101; H01L 31/042 20130101; Y02E 10/50 20130101
E04D 13/00 20130101; F24J 2/5211 20130101; F24J 2/5262 20130101; F24J 2002/4659 20130101; F24J 2002/4665 20130101; F24J 2002/467 20130101; F24J 2002/4672 20130101; H01L 31/0482 20130101; Y02B 10/12 20130101; Y02E 10/50 20130101
G01R 31/405 20130101; G08B 13/1418 20130101; H01L 31/02021 20130101; H02J 3/382 20130101; H02M 3/38 20130101; Y02E 10/50 20130101
G01R 31/2803 20130101; H01L 31/02021 20130101; Y02E 10/50 20130101
H02J 3/36 20130101; H02J 3/382 20130101; H02M 2001/0074 20130101; H02M 2001/0077 20130101; H02M 2001/008 20130101
H01L 31/0485 20130101; H01R 11/09 20130101; H01R 13/6641 20130101; H01R 31/065 20130101; Y02E 10/50 20130101
H02J 3/383 20130101; H02M 7/48 20130101; H02M 7/487 20130101; Y02E 10/56 20130101
H02J 3/382 20130101; H02J 7/35 20130101; Y02E 10/563 20130101; Y02E 10/566 20130101
H01L 31/0485 20130101; H01R 13/6641 20130101; H02G 3/16 20130101; Y02E 10/50 20130101
H02J 7/0073 20130101; H02J 7/35 20130101
H02H 7/122 20130101; H02H 9/04 20130101; Y02E 10/56 20130101
H01L 31/0428 20130101; H01L 31/0485 20130101; Y02E 10/50 20130101
F16B 7/0486 20130101; F16B 9/023 20130101; F24J 2/5205 20130101; F24J 2/5232 20130101; F24J 2/5245 20130101; F24J 2/5258 20130101; F24J 2/526 20130101; F24J 2002/4672 20130101; F24J 2002/5216 20130101; F24J 2002/5226 20130101; Y02E 10/47 20130101
F24J 2/52 20130101; F24J 2/5252 20130101; H01L 31/0422 20130101; Y02E 10/50 20130101
F24J 2/523 20130101; F24J 2/5233 20130101; F24J 2/525 20130101; F24J 2/5413 20130101; H01L 31/0422 20130101; Y02E 10/47 20130101; Y02E 10/50 20130101
H02J 3/383 20130101; H02J 13/0062 20130101; Y02E 40/72 20130101; Y04S 10/123 20130101; Y04S 40/124 20130101
H01L 31/0232 20130101; H01L 31/0522 20130101; Y02E 10/52 20130101
F24J 2/5237 20130101; H01L 31/0422 20130101; Y02E 10/47 20130101; Y02E 10/50 20130101
G08B 13/1409 20130101; H01L 31/0485 20130101; H01L 31/0486 20130101; Y02E 10/50 20130101
H01L 31/0485 20130101; Y02E 10/50 20130101
G08B 13/1409 20130101

F24J 2/08 20130101; F24J 2/5424 20130101; H01L 31/0422 20130101; Y02E 10/47 20130101; Y02E 10/50 20130101
H01L 31/0422 20130101; Y02E 10/50 20130101
F24J 2/5232 20130101; F24J 2/5264 20130101; F24J 2002/5277 20130101; H01L 31/0422 20130101; Y02E 10/47 20130101; Y02E 10/50 20130101
H02H 3/04 20130101; H02H 7/20 20130101; Y02E 10/56 20130101
G01R 31/3025 20130101; G01R 31/405 20130101; H01L 31/02021 20130101; H04Q 9/00 20130101
F24J 2/5237 20130101; F24J 2/5239 20130101; F24J 2002/4692 20130101; H01L 31/0482 20130101; H01L 31/0484 20130101; Y02B 10/12 20130101; Y02B 10/22 20130101; Y02E 10/47 20130101; Y02E 10/50 20130101
G01C 15/00 20130101; G01W 1/12 20130101
F24J 2/52 20130101; F24J 2/5205 20130101; F24J 2/5211 20130101; F24J 2/5228 20130101; F24J 2002/0061 20130101; Y02B 10/12 20130101
H01L 31/02021 20130101; H01L 31/042 20130101; H03K 17/691 20130101; H03K 17/7955 20130101
H02J 3/42 20130101; Y02E 10/563 20130101
F24J 2/045 20130101; F24J 2/5228 20130101; F24J 2002/4692 20130101; H01L 31/0422 20130101; H01L 31/0482 20130101; Y02B 10/12 20130101; Y02B 10/20 20130101; Y02E 10/44 20130101; Y02E 10/47 20130101; Y02E 10/50 20130101
E04D 1/20 20130101; E04D 1/30 20130101; H01L 31/0482 20130101; H01L 31/05 20130101; Y02B 10/12 20130101; Y02E 10/50 20130101

F24J 2/4638 20130101; F24J 2/523 20130101; F24J 2/5241 20130101; H01L 31/0422 20130101; H01L 31/045 20130101; Y02B 10/20 20130101; Y02E 10/40 20130101; Y02E 10/50 20130101

G01R 31/40 20130101; G03G 15/55 20130101; G03G 15/80 20130101
H02J 3/383 20130101; H02M 3/1584 20130101; H02M 7/48 20130101
F24J 2/5205 20130101; H01L 31/0422 20130101; H01L 31/0428 20130101; H02J 3/383 20130101
H01L 31/0422 20130101; Y02E 10/50 20130101
F16C 29/007 20130101; F16C 29/02 20130101; F24J 2/5203 20130101; F24J 2/5205 20130101; F24J 2/5232 20130101; F24J 2/5239 20130101; F24J 2/5243 20130101; F24J 2/5252 20130101; F24J 2/5254 20130101; F24J 2/5256 20130101; F24J 2002/522 20130101; H01L 31/0422 20130101
F24J 2/4636 20130101; F24J 2/5203 20130101; F24J 2/5241 20130101; F24J 2/5245 20130101; F24J 2/526 20130101; F24J 2002/4676 20130101; F24J 2002/5294 20130101; Y02B 10/20 20130101; Y02E 10/47 20130101
F24J 2/5203 20130101; F24J 2/5258 20130101; F24J 2002/529 20130101; H01L 31/0482 20130101; Y02B 10/12 20130101; Y02B 10/20 20130101; Y02E 10/47 20130101
F24J 2/523 20130101; F24J 2/542 20130101; F24J 2002/5441 20130101; F24J 2002/5482 20130101; G05D 3/105 20130101; H01L 31/0422 20130101; Y02E 10/47 20130101; Y02E 10/50 20130101
F24J 2/5249 20130101; F24J 2/5258 20130101; H01L 31/0422 20130101; H01L 31/0482 20130101; Y02B 10/12 20130101; Y02B 10/20 20130101; Y02E 10/40 20130101
F24J 2/5249 20130101; F24J 2/5258 20130101; H01L 31/0422 20130101; H01L 31/0482 20130101; Y02B 10/12 20130101; Y02B 10/20 20130101; Y02E 10/40 20130101
F24J 2/5249 20130101; F24J 2/5258 20130101; H01L 31/0422 20130101; H01L 31/0482 20130101; Y02B 10/12 20130101; Y02B 10/20 20130101; Y02E 10/40 20130101
G01R 27/00 20130101; G01R 31/405 20130101; H01L 31/00 20130101; H02J 13/00 20130101
H02M 7/49 20130101; H02M 7/493 20130101; H02M 7/53873 20130101
G01R 31/025 20130101; G01R 31/405 20130101
G01R 31/2605 20130101; G01R 31/405 20130101; H01L 31/02021 20130101
H02J 3/382 20130101; H02J 13/0082 20130101; Y02E 10/563 20130101; Y02E 40/72 20130101; Y02E 60/7815 20130101; Y04S 10/123 20130101; Y04S 40/121 20130101
H02M 7/515 20130101
G01D 4/002 20130101; G01D 4/008 20130101; G01R 21/133 20130101; G01R 31/405 20130101; H01L 31/02021 20130101; H01L 31/042 20130101; H02J 13/0075 20130101; H04Q 9/00 20130101
E04H 6/025 20130101; F24J 2/045 20130101; F24J 2/4614 20130101; H01L 31/0422 20130101; Y02B 10/20 20130101; Y02E 10/50 20130101
G01J 1/4228 20130101; G01J 2001/4266 20130101; G01S 3/781 20130101; Y02B 10/12 20130101; Y02B 10/14 20130101; Y02B 10/30 20130101
F24J 2/5237 20130101; F24J 2/5243 20130101; F24J 2/5245 20130101; F24J 2002/4659 20130101; H01L 31/0422 20130101; Y02B 10/12 20130101; Y02B 10/20 20130101; Y02E 10/47 20130101
G06F 1/3203 20130101
H01M 10/465 20130101; Y02E 60/12 20130101
H01L 31/0422 20130101; H01L 31/0424 20130101; H01L 31/048 20130101; Y02B 10/12 20130101
F24J 2/5205 20130101; F24J 2/5258 20130101; H01L 31/0482 20130101; Y02B 10/12 20130101

F24J 2/5205 20130101; F24J 2/5254 20130101; H01L 31/0482 20130101
F24J 2/5239 20130101; F24J 2002/0069 20130101; H01L 31/0482 20130101; Y02B 10/12 20130101; Y02E 10/50 20130101
H02J 7/35 20130101; Y02E 10/566 20130101; Y02E 10/58 20130101


H02H 9/041 20130101; H02J 3/383 20130101
H01L 31/042 20130101; Y02E 10/50 20130101
H01L 31/042 20130101; Y02E 10/50 20130101
F24J 2/0477 20130101; F24J 2/202 20130101; F24J 2/4647 20130101; F24J 2002/0092 20130101; F24J 2002/467 20130101; H01L 31/0422 20130101; H01L 31/058 20130101; Y02E 10/44 20130101; Y02E 10/50 20130101; Y02E 10/60 20130101
H01L 31/0483 20130101; Y02B 10/12 20130101; Y02E 10/50 20130101
B32B 37/12 20130101; B32B 38/1841 20130101; B32B 2457/12 20130101; F24J 2/5205 20130101; F24J 2/5256 20130101; F24J 2002/4676 20130101; H01L 31/0422 20130101; H01L 31/0482 20130101
G01R 31/405 20130101
H01L 31/0422 20130101; Y02E 10/52 20130101
H01L 31/042 20130101; H01L 31/0424 20130101; H01L 31/0482 20130101; Y02B 10/12 20130101
H01L 31/042 20130101; H01L 31/0424 20130101; H01L 31/0482 20130101; Y02B 10/12 20130101
F24J 2/16 20130101; F24J 2/4638 20130101; F24J 2/5203 20130101; F24J 2/5228 20130101; F24J 2/523 20130101; F24J 2/5233 20130101; F24J 2/525 20130101; F24J 2/5256 20130101; F24J 2/526 20130101; F24J 2/5406 20130101; F24J 2/542 20130101; F24J 2/5431 20130101; F24J 2002/467 20130101; F24J 2002/5292 20130101; F24J 2002/5441 20130101; F24J 2002/5451 20130101; F24J 2002/5458 20130101; F24J 2002/5465 20130101; F24J 2002/5468 20130101; H01L 31/0522 20130101; Y02B 10/20 20130101; Y02E 10/47 20130101; Y02E 10/52 20130101
H01L 31/02021 20130101; H02J 1/102 20130101; H02J 3/383 20130101; Y02E 10/563 20130101; Y02E 10/58 20130101
H02M 3/158 20130101
E04D 1/08 20130101; E04D 1/22 20130101; H01L 31/0483 20130101; Y02B 10/12 20130101; Y02E 10/50 20130101
H01L 31/0485 20130101; H01L 31/0486 20130101; H05K 7/20409 20130101; H05K 7/20445 20130101; H05K 7/2049 20130101; H05K 7/20854 20130101; Y02E 10/50 20130101
H02J 3/382 20130101; H02M 1/14 20130101; H02M 7/4807 20130101; H02M 7/53832 20130101; Y02E 10/563 20130101
F24J 2/5233 20130101; F24J 2/542 20130101; F24J 2002/5458 20130101; F24J 2002/5468 20130101; F24J 2002/5479 20130101; H01L 31/0422 20130101; Y02E 10/47 20130101; Y02E 10/50 20130101
F24J 2/5241 20130101; F24J 2/5252 20130101; H01L 31/0422 20130101; H01L 31/048 20130101; H01L 31/0482 20130101; Y02E 10/47 20130101; Y02E 10/50 20130101
F24J 2/045 20130101; F24J 2/268 20130101; F24J 2/541 20130101; H01L 31/0422 20130101; H01L 31/0482 20130101; H01L 31/058 20130101; Y02B 10/20 20130101; Y02E 10/44 20130101; Y02E 10/47 20130101
H01L 31/0485 20130101; Y02E 10/50 20130101

F24J 2/5207 20130101; F24J 2/5209 20130101; F24J 2002/0038 20130101; H01L 31/0424 20130101; H01L 31/0482 20130101; Y02B 10/12 20130101; Y02B 10/20 20130101; Y02E 10/40 20130101
F24F 5/0096 20130101; F24F 2005/0064 20130101; F24F 2005/0067 20130101; F24J 2/045 20130101; F24J 2/30 20130101; H01L 31/058 20130101; Y02B 10/12 20130101; Y02B 10/20 20130101; Y02B 10/70 20130101; Y02E 10/44 20130101
G01J 1/4228 20130101; G01J 2001/4266 20130101; G01S 3/7868 20130101; G01W 1/12 20130101
G01R 22/063 20130101
H02M 7/49 20130101
H02M 1/10 20130101; H02M 7/48 20130101; H02M 2001/007 20130101
H01L 31/0422 20130101; Y02E 10/50 20130101
F24J 2/5232 20130101; F24J 2/5252 20130101; H01L 31/0422 20130101; Y02B 10/12 20130101; Y02B 10/20 20130101; Y02E 10/40 20130101; Y02E 10/50 20130101
F24J 2/5232 20130101; F24J 2/5252 20130101; H01L 31/0422 20130101; Y02B 10/12 20130101; Y02B 10/20 20130101; Y02E 10/40 20130101; Y02E 10/50 20130101
F24J 2/5232 20130101; F24J 2/5252 20130101; H01L 31/0422 20130101; Y02B 10/12 20130101; Y02B 10/20 20130101; Y02E 10/40 20130101; Y02E 10/50 20130101
F24J 2/5232 20130101; F24J 2/5252 20130101; H01L 31/0422 20130101; Y02B 10/12 20130101; Y02B 10/20 20130101; Y02E 10/40 20130101; Y02E 10/50 20130101
E04B 2/88 20130101; H01L 31/02021 20130101; H01L 31/0422 20130101; H01L 31/0428 20130101; Y02B 10/12 20130101; Y02B 10/14 20130101; Y02E 10/52 20130101
H01L 31/0422 20130101; H01L 31/045 20130101; H01L 31/05 20130101
H01L 31/042 20130101; H01L 31/0422 20130101; H01L 31/0424 20130101; H01L 31/048 20130101; Y02B 10/10 20130101; Y02E 10/50 20130101
H02J 3/383 20130101

H02J 3/26 20130101; H02J 3/383 20130101
H01L 31/02021 20130101; H01L 31/058 20130101; Y02B 10/20 20130101


F24J 2/5205 20130101; F24J 2/5258 20130101; F24J 2/526 20130101; F24J 2002/5215 20130101; F24J 2002/5226 20130101; F24J 2002/5281 20130101; H01L 31/0422 20130101; H01L 31/0482 20130101; Y02E 10/47 20130101; Y02E 10/50 20130101
F24J 2/4645 20130101; F24J 2/465 20130101; F24J 2/51 20130101; F24J 2/5228 20130101; F24J 2/5262 20130101; F24J 2002/5283 20130101; F24J 2002/5284 20130101; F24J 2002/5298 20130101; H01L 31/0422 20130101; H01L 31/0482 20130101; Y02B 10/12 20130101; Y02B 10/20 20130101; Y02E 10/47 20130101; Y02E 10/50 20130101
F24J 2/5232 20130101; F24J 2/5254 20130101; F24J 2002/4661 20130101; F24J 2002/4665 20130101; F24J 2002/467 20130101; F24J 2002/4672 20130101; F24J 2002/5288 20130101; H01L 31/0422 20130101; H01L 31/0482 20130101; Y02B 10/12 20130101; Y02B 10/20 20130101; Y02E 10/47 20130101; Y02E 10/50 20130101
F24J 2/085 20130101; F24J 2/461 20130101; F24J 2/4638 20130101; F24J 2/523 20130101; F24J 2/5245 20130101; F24J 2/5256 20130101; F24J 2/5424 20130101; F24J 2002/5441 20130101; H01L 31/0422 20130101; H01L 31/052 20130101; H01L 31/0524 20130101; Y02E 10/43 20130101; Y02E 10/47 20130101; Y02E 10/52 20130101
H01L 25/00 20130101; H01L 31/00 20130101; H01L 31/02021 20130101; H01L 31/042 20130101; H02H 1/0015 20130101; H02M 11/00 20130101
H01L 31/042 20130101; H01L 31/048 20130101; Y02B 10/12 20130101; Y02B 10/70 20130101; Y02E 10/50 20130101
F24J 2/5233 20130101; F24J 2/541 20130101; F24J 2002/5458 20130101; F24J 2002/5468 20130101; H01L 31/0422 20130101; Y02E 10/50 20130101
H01L 31/0422 20130101
H01L 31/02021 20130101; H02J 1/102 20130101; H02J 3/382 20130101; H02J 3/383 20130101; H02J 3/386 20130101; H02J 7/35 20130101; Y02E 10/563 20130101
G05B 15/02 20130101

F24J 2/5205 20130101; F24J 2/5241 20130101; F24J 2/525 20130101; Y02B 10/20 20130101; Y02E 10/47 20130101
H02H 3/33 20130101; H02H 7/1222 20130101; H02J 3/383 20130101; Y02E 10/52 20130101; Y02E 10/56 20130101; Y02E 10/563 20130101
H02H 3/33 20130101; H02H 7/1222 20130101; H02H 7/20 20130101; Y02E 10/52 20130101; Y02E 10/56 20130101

H02H 7/1203 20130101; H02H 9/04 20130101
H02J 3/383 20130101; H02J 3/385 20130101; H02M 3/1588 20130101; H02M 7/49 20130101; H02M 2001/007 20130101



H02J 3/385 20130101; H02M 3/00 20130101; H02M 3/07 20130101; H03K 3/57 20130101
H02J 3/383 20130101; H02M 3/1582 20130101; H02M 7/4807 20130101
G01R 31/405 20130101
E02D 31/00 20130101; E04D 5/10 20130101; F24J 2/5209 20130101; H01L 31/0422 20130101; H01L 31/0482 20130101; H02S 20/00 20130101; Y02E 10/47 20130101; Y02E 10/50 20130101
H02H 3/16 20130101; H02H 7/20 20130101
F28D 15/0275 20130101; H05K 7/20336 20130101; H05K 7/20418 20130101
H02J 3/383 20130101; H02J 3/50 20130101
H01L 21/67706 20130101; H01L 21/67715 20130101; H01L 21/67736 20130101; H01L 21/68707 20130101
F24J 2/5233 20130101; F24J 2/5239 20130101; F24J 2/5245 20130101; F24J 2/5252 20130101; F24J 2/5264 20130101; F24J 2002/5294 20130101; H01L 31/0422 20130101; H01L 31/0482 20130101; Y02B 10/12 20130101; Y02B 10/20 20130101; Y02E 10/50 20130101

H01L 31/022425 20130101; H01L 31/05 20130101; Y02E 10/50 20130101
B32B 17/1055 20130101; H01L 31/048 20130101; Y02B 10/12 20130101; Y02E 10/50 20130101
F24J 2/523 20130101; F24J 2/5269 20130101; H01L 31/0422 20130101; H01L 31/052 20130101; Y02E 10/47 20130101; Y02E 10/50 20130101


H01L 31/02021 20130101; H02J 3/383 20130101

H02M 1/36 20130101; H02M 3/158 20130101; H02M 7/5387 20130101; H02M 2001/0048 20130101; Y02B 70/1491 20130101
H01L 31/042 20130101; H02H 1/0015 20130101
H02J 3/383 20130101; H02M 7/48 20130101
F24J 2/523 20130101; F24J 2/5241 20130101; F24J 2002/5279 20130101; F24J 2002/5292 20130101; F24J 2002/5294 20130101; Y02B 10/20 20130101
F24J 2/5209 20130101; H01L 31/0422 20130101
E04B 2001/2415 20130101; E04B 2001/2418 20130101; E04B 2001/2457 20130101; F24J 2/5207 20130101; F24J 2/5232 20130101; F24J 2/5258 20130101; F24J 2/526 20130101


F16B 2/065 20130101; F16B 9/023 20130101; F24J 2/5254 20130101; F24J 2/5258 20130101; H01L 31/0422 20130101; H01L 31/0482 20130101; Y02E 10/50 20130101
F24J 2/523 20130101; F24J 2/5245 20130101; F24J 2/5264 20130101; F24J 2002/4669 20130101; F24J 2002/5486 20130101; H01L 31/0422 20130101; Y02B 10/10 20130101; Y02B 10/20 20130101; Y02E 10/47 20130101; Y02E 10/50 20130101
F24J 2/523 20130101; F24J 2/5245 20130101; F24J 2/525 20130101; F24J 2/5264 20130101; F24J 2002/4669 20130101; F24J 2002/5281 20130101; F24J 2002/5482 20130101; F24J 2002/5486 20130101; H01L 31/0422 20130101; Y02B 10/10 20130101; Y02B 10/20 20130101; Y02E 10/47 20130101; Y02E 10/50 20130101
F24J 2/523 20130101; F24J 2/5245 20130101; F24J 2/526 20130101; F24J 2/5264 20130101; F24J 2002/4669 20130101; F24J 2002/5218 20130101; F24J 2002/5482 20130101; F24J 2002/5486 20130101; H01L 31/0422 20130101; Y02B 10/10 20130101; Y02B 10/20 20130101; Y02E 10/47 20130101; Y02E 10/50 20130101
H02J 3/383 20130101; H02J 7/35 20130101; Y02E 10/566 20130101; Y02E 10/58 20130101
H02J 3/14 20130101; H02J 3/38 20130101
F24J 2/5207 20130101; F24J 2/5256 20130101; F24J 2/5258 20130101; H01L 31/0422 20130101
F24J 2/5237 20130101; F24J 2/5239 20130101; F24J 2002/4687 20130101; F24J 2002/5281 20130101; H01L 31/0422 20130101; H01L 31/05 20130101; Y02E 10/50 20130101
G05F 1/67 20130101; Y02E 10/563 20130101; Y02E 10/58 20130101; Y02E 10/763 20130101
F24J 2/5205 20130101; F24J 2/5254 20130101; F24J 2002/4676 20130101; F24J 2002/4683 20130101; F24J 2002/522 20130101; F24J 2002/5281 20130101; F24J 2002/5284 20130101; F24J 2200/04 20130101; H01L 31/0422 20130101; Y02B 10/12 20130101; Y02E 10/50 20130101
H02J 3/383 20130101; H02M 3/33523 20130101; H02M 7/53871 20130101; H02M 2001/007 20130101

F24J 2/5207 20130101; F24J 2/5232 20130101; F24J 2/5258 20130101; F24J 2/5262 20130101; F24J 2002/0046 20130101; H01L 31/0422 20130101; Y02E 10/47 20130101
G01R 27/18 20130101; H02H 3/087 20130101; H02H 3/105 20130101; H02H 3/14 20130101; H02H 3/167 20130101; H02H 3/202 20130101; H02H 7/205 20130101; H02H 9/02 20130101

H02J 3/383 20130101; H02J 3/40 20130101; H02J 13/0006 20130101; H02J 2003/388 20130101; Y02E 10/563 20130101
H02J 3/383 20130101; H02M 3/1584 20130101; H02M 7/5387 20130101; H02M 2001/007 20130101
G05F 1/67 20130101; Y02E 10/58 20130101
F24J 2/5239 20130101; Y02B 10/12 20130101; Y02B 10/20 20130101; Y02E 10/47 20130101

E04B 1/80 20130101; E04C 2/384 20130101; F24J 2/52 20130101; F24J 2002/4659 20130101; H01L 31/042 20130101; Y02E 10/50 20130101
F24J 2/4638 20130101; F24J 2/5235 20130101; F24J 2/5237 20130101; F24J 2/5239 20130101; F24J 2/525 20130101; H01L 31/0484 20130101; Y02B 10/12 20130101; Y02B 10/20 20130101; Y02E 10/47 20130101; Y02E 10/50 20130101
H01L 31/0422 20130101; Y02E 10/50 20130101
F24J 2/465 20130101; F24J 2/5237 20130101; F24J 2002/4692 20130101; F24J 2002/5279 20130101; Y02B 10/12 20130101; Y02B 10/20 20130101; Y02E 10/47 20130101
F24J 2/07 20130101; F24J 2/1047 20130101; F24J 2/12 20130101; F24J 2/38 20130101; F24J 2/5424 20130101; F24J 2002/385 20130101; F24J 2002/5475 20130101; H01L 31/0422 20130101; H01L 31/052 20130101; H01L 31/0522 20130101; H02P 5/68 20130101; Y02E 10/47 20130101; Y02E 10/52 20130101

H02M 7/003 20130101; H05K 5/0204 20130101; H05K 7/1432 20130101
F24J 2200/04 20130101; G01W 1/12 20130101; Y02B 10/12 20130101; Y02B 10/20 20130101; Y02E 10/52 20130101
H02J 1/00 20130101; H02J 5/00 20130101; H02J 7/35 20130101; Y02E 10/566 20130101
H01L 31/02008 20130101; H01L 31/0485 20130101; H01L 31/05 20130101; Y02E 10/50 20130101
H02M 1/32 20130101

F24J 2/5237 20130101; F24J 2/5239 20130101; F24J 2/5249 20130101; Y02B 10/12 20130101; Y02B 10/20 20130101; Y02E 10/47 20130101
H02J 1/10 20130101; H02M 3/156 20130101

H02J 3/1821 20130101; H02J 3/383 20130101
H02J 3/383 20130101; Y02B 10/14 20130101; Y02B 10/30 20130101; Y02E 10/563 20130101; Y02E 10/763 20130101

H01L 31/045 20130101; Y02B 10/12 20130101; Y02E 10/50 20130101
H01L 31/0485 20130101; H01L 31/0486 20130101; H01L 31/05 20130101; Y02E 10/50 20130101
F24J 2/4625 20130101; F24J 2002/4676 20130101; H01L 31/052 20130101; H01L 31/058 20130101; Y02E 10/50 20130101
H02J 3/383 20130101; H02M 3/158 20130101; H02M 7/48 20130101; Y02B 70/1425 20130101; Y02E 10/563 20130101
H01L 31/0482 20130101; H01L 31/0485 20130101; H01L 31/05 20130101
H02J 3/383 20130101; H02J 3/40 20130101
H02J 3/40 20130101
H01L 31/02021 20130101; H01L 31/0485 20130101
F24J 2/4638 20130101; F24J 2/5211 20130101; F24J 2/5262 20130101; F24J 2002/5279 20130101; H01L 31/0422 20130101; H01L 31/0482 20130101; Y02B 10/12 20130101; Y02B 10/20 20130101; Y02E 10/47 20130101; Y02E 10/50 20130101
G05F 1/67 20130101; H02J 1/12 20130101; H02J 3/385 20130101; H02M 3/1582 20130101

F24J 2/5239 20130101; F24J 2002/5279 20130101; H01L 31/0484 20130101; Y02B 10/12 20130101
F24J 2/5205 20130101; F24J 2/5232 20130101; F24J 2/526 20130101; F24J 2002/5277 20130101; Y02B 10/12 20130101
G01S 13/88 20130101; G06Q 50/06 20130101; G09B 29/12 20130101; Y02E 10/40 20130101; Y04S 10/54 20130101
F24J 2/5207 20130101; F24J 2/5256 20130101; F24J 2002/4665 20130101
H01L 31/0428 20130101; Y02E 10/50 20130101
F24J 2/5241 20130101; H01L 31/0422 20130101; H02J 7/355 20130101
H01L 31/02021 20130101; H02J 3/383 20130101; Y02E 10/563 20130101

H02J 1/10 20130101; H02J 7/0014 20130101; Y02E 70/40 20130101
H02J 3/383 20130101; H02M 3/158 20130101

G01R 31/2605 20130101; G01R 31/405 20130101
H01L 31/0422 20130101; H01L 31/045 20130101; Y02E 10/50 20130101
F24J 2/38 20130101; G01S 3/7861 20130101; H01L 31/0422 20130101
F24J 2/38 20130101; F24J 2/5424 20130101; G01S 3/7861 20130101; G01S 19/14 20130101; H01L 31/02021 20130101; H01L 31/0422 20130101; Y02E 10/563 20130101

G01R 31/405 20130101; G05F 1/67 20130101; G06Q 50/06 20130101; H02J 3/38 20130101
H02J 3/382 20130101; Y02E 10/563 20130101

G01R 31/405 20130101; H02S 50/00 20130101

G01R 31/405 20130101; H02J 1/06 20130101; H02J 1/10 20130101; H02J 3/385 20130101

G08C 2201/40 20130101; G08C 2201/41 20130101; H04B 7/155 20130101; H04Q 9/00 20130101
G01R 31/405 20130101
H01L 31/00 20130101; H01L 31/02021 20130101; H02J 3/383 20130101; H02J 3/386 20130101; H02J 3/46 20130101
F24J 2/5207 20130101; F24J 2/5245 20130101; F24J 2/5258 20130101; H01L 31/0482 20130101; Y02B 10/20 20130101
G05F 1/67 20130101; Y02E 10/58 20130101

H01L 31/0422 20130101; H01L 31/0424 20130101
H01L 31/02021 20130101; H01L 31/05 20130101; H01L 31/0504 20130101
F24J 2/5205 20130101; F24J 2002/5277 20130101; F24J 2002/5281 20130101; H01L 31/0422 20130101; Y02B 10/12 20130101
H02J 3/383 20130101; Y02E 10/563 20130101

H02J 3/382 20130101; H02M 2001/0077 20130101; Y02B 10/14 20130101; Y02E 10/563 20130101; Y02E 10/58 20130101
F16B 7/187 20130101; F24J 2/00 20130101; F24J 2/5254 20130101
F24J 2/5232 20130101; F24J 2/5264 20130101; F24J 2002/5277 20130101; H01L 31/0422 20130101; Y02E 10/47 20130101; Y02E 10/50 20130101
H01L 31/02021 20130101; H02J 3/383 20130101; Y02E 10/563 20130101; Y02E 10/58 20130101
F24J 2/5237 20130101; F24J 2/5243 20130101; F24J 2/5245 20130101; F24J 2002/4659 20130101; F24J 2002/5294 20130101; H01L 31/0484 20130101; H01L 31/0521 20130101; Y02B 10/12 20130101; Y02B 10/20 20130101; Y02E 10/47 20130101
H01L 31/02021 20130101; H02H 3/24 20130101; H02H 7/20 20130101
E04H 1/1205 20130101; E04H 1/1211 20130101; E04H 6/025 20130101; F24J 2/5205 20130101; F24J 2/5232 20130101; F24J 2/5254 20130101; F24J 2/5256 20130101; F24J 2002/5277 20130101; Y02B 10/20 20130101
F24J 2/5232 20130101; F24J 2/5254 20130101; Y02B 10/12 20130101; Y02B 10/20 20130101
H01L 31/0424 20130101; H01L 31/0482 20130101; Y02B 10/12 20130101
E04D 5/10 20130101; H01L 31/0482 20130101; H01L 31/0483 20130101; H01L 31/05 20130101; Y02B 10/12 20130101; Y02E 10/50 20130101
H02J 1/102 20130101; H02J 3/382 20130101; H02J 7/35 20130101
H02J 3/383 20130101; H02M 3/158 20130101; H02M 7/48 20130101; Y02B 70/1425 20130101; Y02E 10/563 20130101
H02J 3/383 20130101; H02J 3/50 20130101; H02J 13/0075 20130101; H02M 7/4807 20130101
H01M 10/465 20130101; H02J 3/385 20130101; H02J 7/35 20130101
F24J 2/5232 20130101; F24J 2/5245 20130101; F24J 2/5258 20130101; F24J 2/5264 20130101; F24J 2/541 20130101
F24J 2/5205 20130101; F24J 2/5239 20130101; F24J 2/5245 20130101; F24J 2/525 20130101; F24J 2/5258 20130101; F24J 2002/5281 20130101; F24J 2002/5292 20130101; H01L 31/0482 20130101; Y02E 10/47 20130101
H01M 10/465 20130101; H01M 10/48 20130101; H01M 16/006 20130101; H02J 3/383 20130101; H02J 7/35 20130101; Y02E 10/58 20130101; Y02E 60/12 20130101
H01L 31/02021 20130101; H02J 3/383 20130101; H02M 3/285 20130101; Y02B 10/12 20130101; Y02B 10/14 20130101; Y02E 10/50 20130101
F24J 2/5232 20130101; F24J 2/5254 20130101; F24J 2/526 20130101; F24J 2002/4665 20130101; F24J 2002/5288 20130101; H01L 31/0422 20130101; H01L 31/18 20130101; Y02B 10/12 20130101; Y02B 10/20 20130101; Y02E 10/47 20130101; Y02E 10/50 20130101
H02J 3/382 20130101; Y02E 10/563 20130101

F24J 2/5233 20130101; H01L 31/0422 20130101
F16B 7/0453 20130101; F16B 7/187 20130101; F24J 2/5203 20130101; F24J 2/5245 20130101; Y02E 10/50 20130101
H02J 3/382 20130101; H02M 2001/0077 20130101; Y02B 10/14 20130101; Y02E 10/563 20130101; Y02E 10/58 20130101
H02M 7/53873 20130101

H02J 3/383 20130101; H02M 7/49 20130101



H01L 31/02021 20130101; H01L 31/042 20130101; H02J 3/383 20130101; Y02E 10/50 20130101
H02J 3/385 20130101; H02M 3/156 20130101; H02M 3/33507 20130101
F24J 2/08 20130101; F24J 2/541 20130101; F24J 2/5424 20130101; F24J 2002/5462 20130101; F24J 2002/5468 20130101; F24J 2002/5493 20130101; H01L 31/0422 20130101; H01L 31/0522 20130101; Y02E 10/47 20130101; Y02E 10/52 20130101
H02J 1/10 20130101; H02M 7/42 20130101; Y02E 10/56 20130101
Y02E 10/50 20130101; H01L 31/0422 20130101
G05F 1/67 20130101; H02J 3/383 20130101; H02M 2001/0093 20130101; Y02E 10/58 20130101
F24J 2/5232 20130101; F24J 2/5254 20130101; F24J 2/5256 20130101; F24J 2002/4665 20130101; F24J 2002/5281 20130101; H01L 31/0422 20130101; Y02B 10/12 20130101; Y02B 10/20 20130101; Y02E 10/47 20130101; Y02E 10/50 20130101
F24J 2/4614 20130101; F24J 2/4647 20130101; F24J 2/52 20130101; H01L 31/0482 20130101; H01L 31/058 20130101; Y02B 10/10 20130101; Y02B 10/20 20130101; Y02B 10/70 20130101; Y02E 10/47 20130101
H02M 7/537 20130101; H02M 2001/007 20130101; Y02E 10/56 20130101
H01L 31/042 20130101; H01L 31/0422 20130101; H01R 4/64 20130101; H01R 4/66 20130101; Y02B 10/12 20130101; Y02B 10/20 20130101
F24J 2/38 20130101; F24J 2/5254 20130101; F24J 2/5258 20130101; F24J 2/5424 20130101; F24J 2002/5468 20130101; H01L 31/0422 20130101; Y02E 10/47 20130101; Y02E 10/50 20130101
G06F 9/44505 20130101


F24J 2/5249 20130101; F24J 2/5258 20130101
F24J 2/5205 20130101; F24J 2/5239 20130101; F24J 2/525 20130101; F24J 2/5258 20130101; F24J 2002/4665 20130101; F24J 2002/4692 20130101; H01L 31/0422 20130101; H01L 31/0482 20130101; Y02B 10/12 20130101; Y02E 10/47 20130101; Y02E 10/50 20130101

G01R 31/405 20130101
G01R 27/18 20130101; G01R 31/405 20130101
E04D 1/26 20130101; E04D 2001/005 20130101; H01L 31/0483 20130101; Y02B 10/12 20130101; Y02B 10/20 20130101; Y02E 10/50 20130101
H01L 31/02021 20130101; H01M 10/465 20130101; H02H 7/20 20130101; H02J 3/383 20130101; H02J 7/35 20130101; Y02E 10/50 20130101; Y02E 60/12 20130101
F24J 2/5211 20130101; F24J 2/5232 20130101; F24J 2/5233 20130101; F24J 2/5254 20130101; H01L 31/0422 20130101
H01L 31/0428 20130101; H01L 31/0485 20130101
H01L 31/042 20130101
G05F 1/67 20130101

H01L 31/035281 20130101; H01L 31/042 20130101; H01L 31/05 20130101; Y02E 10/52 20130101
H01L 31/0482 20130101; Y02B 10/12 20130101
H02J 1/102 20130101; H02J 3/383 20130101; H02J 3/385 20130101; H02J 7/35 20130101

E04F 13/0805 20130101; E04F 13/083 20130101; E04F 13/142 20130101; F24J 2/5245 20130101; Y02B 10/20 20130101
G01R 15/146 20130101; G01R 19/0092 20130101; G01R 27/18 20130101
H02J 1/102 20130101; H02J 3/385 20130101; H02J 7/35 20130101

G01R 31/2605 20130101; G01R 31/405 20130101
F24J 2/5205 20130101; F24J 2/5211 20130101; F24J 2/5245 20130101; F24J 2/5254 20130101; F24J 2/5258 20130101; F24J 2/5264 20130101; F24J 2002/4658 20130101; F24J 2002/529 20130101; F24J 2002/5486 20130101; H01L 31/0422 20130101; Y02B 10/12 20130101; Y02E 10/47 20130101; Y02E 10/50 20130101
H01L 31/02 20130101; H01L 31/042 20130101; H01L 31/048 20130101

H02G 3/083 20130101; H02G 3/16 20130101
H02M 3/158 20130101

F16B 2/185 20130101; F16B 5/0032 20130101; F16B 5/0635 20130101; F16B 5/0685 20130101; F16B 7/0493 20130101; F16B 7/182 20130101; F24J 2/5205 20130101; F24J 2/5207 20130101; F24J 2/5211 20130101; F24J 2/5254 20130101; F24J 2/5258 20130101; F24J 2/526 20130101; F24J 2/5264 20130101; F24J 2002/4665 20130101; F24J 2002/4669 20130101; F24J 2002/5226 20130101; H01L 31/0422 20130101; H01L 31/0482 20130101; Y02B 10/12 20130101; Y02E 10/47 20130101

F24J 2/4638 20130101; F24J 2/5237 20130101; F24J 2/5239 20130101; F24J 2002/0038 20130101; F24J 2002/5279 20130101; H01L 31/0422 20130101; H01L 31/0484 20130101; Y02B 10/12 20130101; Y02E 10/47 20130101; Y02E 10/50 20130101



H02J 3/383 20130101; H02M 1/36 20130101; Y02E 10/56 20130101





G01R 31/405 20130101; H01L 31/02021 20130101; Y02B 10/14 20130101; Y02E 10/50 20130101

F24J 2/5233 20130101; F24J 2/525 20130101; F24J 2/5258 20130101; F24J 2/526 20130101; H01L 31/0422 20130101; Y02B 10/12 20130101; Y02E 10/50 20130101
F24J 2/4638 20130101; F24J 2/5211 20130101; F24J 2/5239 20130101; F24J 2/5252 20130101; H01L 31/0482 20130101; Y02B 10/12 20130101; Y02E 10/47 20130101; Y02E 10/50 20130101
F24J 2/5247 20130101; F24J 2/5254 20130101; F24J 2002/5284 20130101; F24J 2002/5298 20130101; H01L 31/0422 20130101; H01L 31/0482 20130101; Y02B 10/12 20130101; Y02E 10/50 20130101
H01L 31/048 20130101; H01L 31/0482 20130101; Y02B 10/12 20130101; Y02B 10/20 20130101; Y02E 10/50 20130101
H01H 9/32 20130101; H01H 37/761 20130101; H01H 71/122 20130101; H01H 83/10 20130101

G01R 31/028 20130101; H02H 7/16 20130101
F24J 2/5205 20130101; F24J 2/5258 20130101; H01L 31/0422 20130101; Y02E 10/47 20130101; Y02E 10/50 20130101